,mpww_p1,mpww_p2,mpww_p3,mpww_p4,mpww_p5,mpww_p6,mpww_p7,mpww_p8,mpww_p9,mpww_p10,mpww_p11,mpww_p12,mpww_p13,mpww_p14,mpww_p15,mpww_p16,mpww_p17,mpww_p18,mpww_p19,mpww_p20,mpww_p21,swh_p1,swh_p2,swh_p3,swh_p4,swh_p5,swh_p6,swh_p7,swh_p8,swh_p9,swh_p10,swh_p11,swh_p12,swh_p13,swh_p14,swh_p15,swh_p16,swh_p17,swh_p18,swh_p19,swh_p20,swh_p21,u_p1,u_p2,u_p3,u_p4,u_p5,u_p6,u_p7,u_p8,u_p9,u_p10,u_p11,u_p12,u_p13,u_p14,u_p15,u_p16,u_p17,u_p18,u_p19,u_p20,u_p21,v_p1,v_p2,v_p3,v_p4,v_p5,v_p6,v_p7,v_p8,v_p9,v_p10,v_p11,v_p12,v_p13,v_p14,v_p15,v_p16,v_p17,v_p18,v_p19,v_p20,v_p21,wvdir_p1,wvdir_p2,wvdir_p3,wvdir_p4,wvdir_p5,wvdir_p6,wvdir_p7,wvdir_p8,wvdir_p9,wvdir_p10,wvdir_p11,wvdir_p12,wvdir_p13,wvdir_p14,wvdir_p15,wvdir_p16,wvdir_p17,wvdir_p18,wvdir_p19,wvdir_p20,wvdir_p21,dirpw_p1,dirpw_p2,dirpw_p3,dirpw_p4,dirpw_p5,dirpw_p6,dirpw_p7,dirpw_p8,dirpw_p9,dirpw_p10,dirpw_p11,dirpw_p12,dirpw_p13,dirpw_p14,dirpw_p15,dirpw_p16,dirpw_p17,dirpw_p18,dirpw_p19,dirpw_p20,dirpw_p21,dirsw_p1,dirsw_p2,dirsw_p3,dirsw_p4,dirsw_p5,dirsw_p6,dirsw_p7,dirsw_p8,dirsw_p9,dirsw_p10,dirsw_p11,dirsw_p12,dirsw_p13,dirsw_p14,dirsw_p15,dirsw_p16,dirsw_p17,dirsw_p18,dirsw_p19,dirsw_p20,dirsw_p21,shww_p1,shww_p2,shww_p3,shww_p4,shww_p5,shww_p6,shww_p7,shww_p8,shww_p9,shww_p10,shww_p11,shww_p12,shww_p13,shww_p14,shww_p15,shww_p16,shww_p17,shww_p18,shww_p19,shww_p20,shww_p21,persw_p1,persw_p2,persw_p3,persw_p4,persw_p5,persw_p6,persw_p7,persw_p8,persw_p9,persw_p10,persw_p11,persw_p12,persw_p13,persw_p14,persw_p15,persw_p16,persw_p17,persw_p18,persw_p19,persw_p20,persw_p21,perpw_p1,perpw_p2,perpw_p3,perpw_p4,perpw_p5,perpw_p6,perpw_p7,perpw_p8,perpw_p9,perpw_p10,perpw_p11,perpw_p12,perpw_p13,perpw_p14,perpw_p15,perpw_p16,perpw_p17,perpw_p18,perpw_p19,perpw_p20,perpw_p21
2019-01-18 00:00:00,6.36,6.38,6.34,6.49,6.51,6.46,6.58,6.62,6.57,6.55,6.5600000000000005,6.66,6.15,6.25,6.62,5.73,5.87,6.4,5.62,5.67,6.1000000000000005,1.28,1.36,1.43,1.17,1.26,1.33,1.07,1.17,1.23,1.03,1.1300000000000001,1.1500000000000001,1.1300000000000001,1.16,1.11,1.33,1.27,1.11,1.85,1.49,1.19,-5.78,-5.96,-6.3100000000000005,-4.57,-4.99,-5.3500000000000005,-3.16,-3.68,-4.41,-1.6400000000000001,-2.35,-3.45,-0.78,-1.33,-2.35,-0.22,-0.8,-1.41,-0.75,-0.73,-0.55,-1.16,-1.0,-0.76,-2.2,-1.72,-1.48,-3.35,-2.95,-2.23,-4.53,-4.26,-3.15,-6.44,-5.75,-4.45,-8.22,-7.21,-5.7,-10.950000000000001,-8.48,-6.74,88.39,92.99,96.64,86.4,90.4,93.93,82.9,87.2,91.43,78.84,81.63,88.29,66.12,69.61,82.27,44.64,49.09,70.13,20.54,25.72,48.32,105.8,113.85000000000001,117.76,101.85000000000001,108.19,112.60000000000001,97.11,103.07000000000001,108.10000000000001,93.89,99.55,104.83,92.93,97.04,101.84,59.65,72.57000000000001,98.14,16.5,19.43,84.17,85.47,87.79,89.84,82.7,85.12,85.57000000000001,,,83.89,,,,35.72,33.730000000000004,43.68,21.88,21.91,33.9,12.36,9.01,15.35,1.23,1.27,1.29,1.1400000000000001,1.19,1.17,,,1.1500000000000001,,,,0.96,0.85,0.73,1.22,1.02,0.78,1.74,1.32,0.92,8.56,8.22,6.36,8.58,8.540000000000001,8.040000000000001,,,8.53,,,,4.96,4.62,4.44,5.26,4.79,4.39,5.9,5.3100000000000005,4.57,8.42,8.34,8.28,8.43,8.34,8.28,8.51,8.42,8.34,8.59,8.52,8.4,8.69,8.56,8.41,6.61,6.95,8.44,5.88,5.6000000000000005,7.71
2019-01-18 03:00:00,6.4,6.44,6.41,6.53,6.57,6.54,6.6000000000000005,6.68,6.640000000000001,6.5,6.66,6.75,5.83,6.3500000000000005,6.74,5.46,5.89,6.5,5.5600000000000005,5.64,6.13,1.27,1.35,1.41,1.1500000000000001,1.24,1.3,1.06,1.1500000000000001,1.21,1.02,1.1,1.12,1.17,1.11,1.07,1.3900000000000001,1.23,1.07,1.83,1.45,1.16,-5.62,-5.61,-5.8100000000000005,-4.59,-4.7,-4.94,-3.52,-3.84,-4.46,-2.69,-2.64,-3.71,-3.31,-1.67,-2.44,-3.73,-1.43,-1.49,-3.16,-1.49,-0.49,-0.14,0.02,0.13,-1.33,-0.96,-0.52,-2.97,-2.15,-1.31,-4.79,-3.73,-2.34,-7.6000000000000005,-5.46,-3.7600000000000002,-9.120000000000001,-7.07,-5.14,-10.89,-8.51,-6.62,88.62,92.83,96.27,86.47,90.19,93.76,82.89,87.29,91.24,78.19,82.47,88.53,61.95,70.87,83.23,44.0,49.93,70.94,24.080000000000002,25.55,46.02,104.38,111.54,116.7,100.47,106.56,112.45,96.67,102.98,108.19,94.45,100.51,105.19,93.58,98.01,101.66,47.47,73.23,97.91,18.6,17.78,85.26,86.68,88.79,90.10000000000001,,,86.08,,,,70.85000000000001,,,46.35,37.47,43.49,29.51,23.5,33.17,16.78,8.0,10.950000000000001,1.25,1.29,1.29,,,1.07,,,,0.96,,,0.99,0.8300000000000001,0.7000000000000001,1.21,0.99,0.74,1.72,1.27,0.89,8.51,6.9,6.1000000000000005,,,5.98,,,,8.620000000000001,,,5.78,4.74,4.5200000000000005,5.0,4.76,4.45,5.82,5.24,4.59,8.36,8.25,8.15,8.41,8.3,8.2,8.52,8.42,8.290000000000001,8.59,8.49,8.32,8.63,8.5,8.34,5.89,6.87,8.59,5.79,5.53,8.13
2019-01-18 06:00:00,6.44,6.48,6.45,6.5600000000000005,6.62,6.58,6.6000000000000005,6.71,6.68,6.4,6.69,6.8100000000000005,5.58,6.34,6.83,5.33,5.79,6.53,5.54,5.5,6.0200000000000005,1.26,1.34,1.3900000000000001,1.1400000000000001,1.23,1.28,1.05,1.1400000000000001,1.19,1.02,1.08,1.1,1.3,1.09,1.04,1.55,1.23,1.04,1.93,1.49,1.16,-5.8100000000000005,-5.9,-5.94,-4.69,-5.01,-5.25,-3.81,-4.41,-4.9,-3.19,-3.5500000000000003,-4.19,-4.15,-2.82,-2.99,-4.67,-2.57,-1.96,-4.22,-2.23,-0.87,-0.22,0.16,0.48,-1.46,-0.79,0.05,-3.18,-1.94,-0.81,-5.09,-3.63,-1.94,-8.67,-5.72,-3.61,-10.24,-7.76,-5.51,-11.69,-9.65,-7.51,88.8,92.85000000000001,96.13,86.54,90.02,93.73,82.63,87.16,91.17,76.63,82.55,88.62,56.6,70.60000000000001,83.96000000000001,43.11,48.93,70.96000000000001,27.68,25.05,41.92,102.91,112.27,115.06,99.72,106.91,113.55,97.13,103.65,110.53,95.56,101.28,107.69,71.52,98.22,102.22,36.86,61.85,99.2,22.650000000000002,10.4,86.92,86.97,89.24,90.34,,,85.33,,,78.96000000000001,46.9,68.31,,34.85,52.32,40.62,33.49,23.67,28.53,21.85,9.82,7.99,1.23,1.28,1.28,,,1.11,,,0.9,0.76,0.9500000000000001,,1.04,0.93,0.7000000000000001,1.42,1.0,0.73,1.84,1.33,0.91,7.91,6.62,6.2,,,6.01,,,5.8,6.140000000000001,8.55,,4.49,7.07,4.64,5.12,4.66,4.46,5.86,5.14,4.54,8.28,8.09,8.0,8.4,8.25,8.120000000000001,8.52,8.39,8.19,8.55,8.42,8.21,6.2,8.44,8.52,5.11,6.32,9.46,5.83,5.12,8.27
2019-01-18 09:00:00,6.41,6.43,6.41,6.55,6.59,6.55,6.55,6.66,6.640000000000001,6.28,6.6000000000000005,6.78,5.46,6.17,6.78,5.36,5.58,6.34,5.64,5.4,5.73,1.27,1.34,1.3800000000000001,1.1400000000000001,1.23,1.27,1.05,1.1400000000000001,1.17,1.03,1.08,1.08,1.43,1.12,1.02,1.74,1.32,1.05,2.11,1.6300000000000001,1.23,-6.22,-6.65,-6.74,-5.13,-5.7,-6.03,-4.1,-5.05,-5.6000000000000005,-3.16,-4.3100000000000005,-4.76,-3.8200000000000003,-3.4,-3.46,-3.88,-2.8000000000000003,-2.11,-3.0300000000000002,-2.1,-1.17,-0.25,0.14,0.45,-1.42,-0.68,0.0,-3.35,-2.15,-1.01,-5.42,-4.0600000000000005,-2.35,-9.77,-6.53,-4.42,-11.51,-9.11,-6.68,-12.94,-10.97,-8.59,88.83,92.76,95.99000000000001,86.4,89.79,93.61,81.94,86.61,90.98,74.73,81.3,88.19,50.980000000000004,67.34,82.9,38.980000000000004,44.0,66.13,25.07,21.6,33.6,103.51,110.63,113.97,99.9,107.23,113.15,98.15,104.2,111.55,96.57000000000001,101.35000000000001,108.92,55.39,92.21000000000001,103.18,39.18,45.27,100.55,26.27,10.61,51.17,86.19,88.66,89.9,84.92,84.78,85.91,75.49,78.62,80.45,62.33,71.09,74.16,34.47,47.09,64.51,32.27,25.91,35.9,21.45,10.74,6.42,1.19,1.26,1.25,1.1400000000000001,1.1400000000000001,1.12,0.9500000000000001,1.0,0.99,0.9,0.93,0.89,1.23,0.89,0.81,1.6300000000000001,1.1400000000000001,0.8200000000000001,2.05,1.5,1.0,7.75,6.7700000000000005,6.3100000000000005,8.48,8.040000000000001,7.69,8.51,8.48,8.08,7.38,8.17,8.05,4.83,6.03,7.98,5.48,5.1000000000000005,6.0,6.11,5.25,4.47,8.16,7.98,7.95,8.370000000000001,8.19,8.05,8.48,8.3,8.08,8.49,8.33,8.1,5.68,7.8,9.290000000000001,5.47,5.69,9.75,6.09,5.22,6.3
2019-01-18 12:00:00,6.3,6.3,6.29,6.46,6.47,6.44,6.44,6.55,6.54,6.13,6.390000000000001,6.62,5.42,5.8500000000000005,6.47,5.47,5.4,5.92,5.82,5.45,5.48,1.29,1.37,1.3900000000000001,1.1500000000000001,1.24,1.27,1.06,1.1400000000000001,1.17,1.05,1.1,1.08,1.51,1.2,1.05,1.83,1.48,1.12,2.29,1.81,1.34,-6.94,-7.33,-7.3,-5.7,-6.38,-6.43,-4.5,-5.22,-5.63,-2.95,-3.86,-4.62,-1.56,-2.69,-3.3200000000000003,-0.17,-2.17,-2.19,0.17,-1.34,-1.6,-0.5700000000000001,-0.29,0.21,-1.78,-1.05,-0.65,-3.72,-2.87,-2.02,-5.93,-5.3500000000000005,-3.9,-10.55,-8.2,-5.97,-11.92,-10.57,-7.88,-13.57,-11.69,-9.44,88.61,92.26,95.64,85.9,89.25,92.98,80.76,85.47,90.13,71.96000000000001,77.87,86.04,44.13,59.09,77.33,30.29,34.76,55.76,15.610000000000001,15.780000000000001,25.28,102.87,108.82000000000001,113.39,100.82000000000001,106.96000000000001,112.34,99.03,104.87,110.45,96.94,101.71000000000001,106.21000000000001,53.870000000000005,77.93,103.14,32.4,30.02,90.08,17.88,9.25,15.200000000000001,86.67,88.06,90.14,82.83,83.14,85.89,77.29,77.81,80.58,54.35,61.81,72.04,28.87,31.25,53.4,21.98,20.29,25.310000000000002,13.38,8.13,6.25,1.24,1.26,1.27,1.09,1.11,1.1400000000000001,1.0,1.01,1.01,0.88,0.89,0.89,1.31,0.91,0.8,1.71,1.32,0.86,2.25,1.7,1.16,7.7,6.63,6.38,8.370000000000001,7.87,7.38,8.44,8.47,8.19,6.17,7.47,8.11,5.04,4.61,6.59,5.75,4.86,4.22,6.41,5.59,4.68,8.040000000000001,7.930000000000001,7.91,8.34,8.11,7.97,8.41,8.18,7.99,8.43,8.4,8.82,5.91,6.94,9.69,5.79,5.22,8.0,6.390000000000001,5.5600000000000005,5.2
2019-01-18 15:00:00,6.21,6.24,6.22,6.37,6.4,6.3500000000000005,6.34,6.46,6.44,6.01,6.19,6.44,5.46,5.66,6.15,5.54,5.42,5.61,5.93,5.61,5.38,1.32,1.3800000000000001,1.4000000000000001,1.16,1.24,1.27,1.07,1.1400000000000001,1.17,1.08,1.1300000000000001,1.09,1.44,1.26,1.09,1.75,1.55,1.21,2.33,1.9100000000000001,1.46,-6.83,-6.87,-6.98,-5.3,-5.67,-6.19,-3.33,-4.3,-5.44,-1.1400000000000001,-3.1,-4.33,1.21,-1.86,-2.6,1.97,0.0,-1.5,1.1300000000000001,1.36,-0.58,-1.12,-0.87,-0.43,-2.49,-1.97,-1.46,-4.7,-3.99,-2.72,-6.61,-6.25,-4.5,-9.32,-8.33,-6.69,-10.4,-9.9,-8.66,-13.0,-11.09,-10.01,87.86,91.34,94.87,84.95,88.13,91.78,79.09,83.68,88.59,68.47,73.31,82.89,39.97,51.58,70.10000000000001,25.37,25.62,46.04,9.3,6.49,17.95,99.85000000000001,107.73,112.84,101.04,106.17,111.33,99.26,104.58,108.5,86.75,102.55,105.52,38.43,58.9,103.28,28.11,18.96,58.76,9.86,2.38,4.25,85.64,87.2,90.19,80.8,82.36,86.16,73.81,76.78,80.14,54.27,56.15,73.83,16.81,31.18,39.62,10.26,13.18,22.38,6.45,0.17,4.36,1.25,1.27,1.3,1.08,1.12,1.18,0.98,1.03,1.04,0.96,0.92,0.99,1.19,1.05,0.8,1.55,1.41,1.0,2.2800000000000002,1.82,1.31,7.29,6.63,6.49,8.32,7.69,7.24,8.41,8.56,8.64,7.4,7.37,9.66,5.0200000000000005,5.07,5.78,5.67,5.18,4.3,6.640000000000001,5.96,5.0,7.74,7.88,7.8500000000000005,8.26,8.0,7.88,8.31,8.040000000000001,8.39,7.15,8.8,9.55,5.22,6.07,9.48,5.92,5.14,6.13,6.62,5.93,4.97
2019-01-18 18:00:00,6.24,6.25,6.22,6.36,6.4,6.32,6.38,6.45,6.4,6.09,6.19,6.37,5.57,5.7,6.0600000000000005,5.5200000000000005,5.46,5.61,5.88,5.7,5.46,1.32,1.37,1.3900000000000001,1.16,1.23,1.26,1.06,1.1300000000000001,1.16,1.05,1.11,1.09,1.29,1.23,1.09,1.6,1.51,1.21,2.24,1.96,1.48,-5.86,-6.33,-6.72,-4.55,-5.15,-5.87,-2.0,-3.48,-4.71,0.55,-1.45,-3.13,2.06,0.58,-1.26,2.46,2.09,0.53,1.51,2.11,1.8900000000000001,-1.47,-0.9,-0.44,-2.59,-2.11,-1.46,-4.0,-3.83,-3.0500000000000003,-5.19,-5.54,-4.84,-7.38,-7.05,-6.38,-9.42,-8.65,-7.390000000000001,-12.450000000000001,-10.72,-8.57,87.07000000000001,90.54,94.01,84.11,87.01,90.76,78.96000000000001,82.59,87.15,68.78,72.19,80.69,42.38,49.800000000000004,66.62,24.240000000000002,20.17,41.61,7.42,358.98,10.950000000000001,99.15,107.10000000000001,111.60000000000001,100.5,105.44,109.56,98.73,104.02,107.23,97.21000000000001,103.98,105.24000000000001,55.69,70.09,101.93,29.12,14.76,58.08,7.76,356.89,0.2,84.60000000000001,86.66,89.74,82.44,82.93,84.3,,78.21000000000001,78.84,33.22,59.07,69.58,13.0,26.650000000000002,43.08,5.44,2.38,15.11,4.2700000000000005,353.24,358.35,1.24,1.26,1.31,1.1500000000000001,1.1500000000000001,1.1400000000000001,,1.05,1.03,1.05,0.99,0.96,1.03,1.0,0.87,1.42,1.33,0.98,2.18,1.87,1.34,7.24,6.46,6.43,8.23,7.03,7.33,,9.09,8.93,4.88,8.1,8.88,4.82,5.3,5.42,5.5200000000000005,5.22,4.5,6.61,6.12,5.23,7.66,7.8100000000000005,7.75,8.120000000000001,7.88,8.0,8.16,8.25,9.15,8.540000000000001,9.38,9.450000000000001,6.17,6.69,9.4,5.8500000000000005,5.25,6.3,6.59,6.1000000000000005,5.21
2019-01-18 21:00:00,6.3,6.3,6.25,6.43,6.43,6.34,6.5,6.5200000000000005,6.44,6.26,6.33,6.46,5.65,5.8100000000000005,6.140000000000001,5.44,5.44,5.64,5.7700000000000005,5.69,5.47,1.3,1.34,1.37,1.1500000000000001,1.21,1.24,1.03,1.1,1.1300000000000001,1.0,1.07,1.05,1.18,1.16,1.05,1.48,1.45,1.17,2.07,1.92,1.5,-5.45,-5.7,-6.17,-3.71,-4.46,-5.23,-0.9400000000000001,-2.47,-3.85,1.3900000000000001,-0.59,-1.55,1.85,1.03,0.37,2.38,1.9000000000000001,1.67,1.87,2.48,2.45,-1.02,-0.76,-0.51,-1.6300000000000001,-1.68,-1.41,-2.5500000000000003,-2.61,-2.47,-3.75,-4.16,-3.5700000000000003,-7.15,-6.09,-5.0200000000000005,-9.28,-8.51,-6.73,-11.450000000000001,-10.32,-8.82,86.7,89.95,93.23,83.86,86.41,90.13,79.83,82.75,86.51,71.63,73.81,80.81,46.050000000000004,51.24,67.07000000000001,23.5,17.400000000000002,38.02,7.57,354.57,2.64,96.82000000000001,105.19,104.89,99.63,104.67,106.61,98.34,104.74000000000001,106.9,99.66,104.15,105.22,69.85000000000001,78.35000000000001,102.24000000000001,34.480000000000004,15.83,55.71,9.39,351.13,355.79,85.17,87.09,88.49,,84.87,82.75,,,82.7,37.08,43.24,,16.15,27.02,34.64,3.98,3.4,14.26,3.84,348.86,350.91,1.25,1.27,1.27,,1.21,1.1,,,1.1,0.9400000000000001,0.85,,0.9400000000000001,0.9400000000000001,0.8300000000000001,1.31,1.31,0.99,2.0100000000000002,1.84,1.37,6.5,6.5,6.42,,6.45,6.8500000000000005,,,9.47,5.16,5.2,,4.74,4.89,4.58,5.29,5.22,4.64,6.44,6.17,5.33,7.26,7.6000000000000005,7.5600000000000005,7.95,7.91,8.39,8.24,8.870000000000001,9.41,8.96,9.47,9.34,6.73,7.21,9.31,6.0600000000000005,5.54,6.36,6.42,6.140000000000001,5.3
2019-01-19 00:00:00,6.36,6.38,6.29,6.51,6.5,6.4,6.6000000000000005,6.6000000000000005,6.5200000000000005,6.38,6.45,6.57,5.63,5.8500000000000005,6.23,5.4,5.37,5.62,5.66,5.59,5.46,1.27,1.31,1.35,1.12,1.18,1.22,1.0,1.08,1.1,0.96,1.02,1.01,1.12,1.1,1.0,1.34,1.3900000000000001,1.1500000000000001,1.78,1.81,1.53,-5.4,-5.0600000000000005,-5.64,-3.87,-3.83,-4.16,-1.48,-2.38,-2.65,0.54,-0.42,-1.3800000000000001,0.51,1.06,0.1,0.97,2.05,1.44,2.49,3.33,2.21,0.38,0.08,0.05,-0.5700000000000001,-0.34,-0.33,-1.9000000000000001,-1.76,-1.21,-4.16,-4.14,-3.08,-7.68,-6.47,-5.0600000000000005,-8.47,-8.56,-6.91,-8.84,-9.31,-8.950000000000001,86.77,89.57000000000001,92.56,83.89,86.3,89.78,80.54,83.05,86.37,72.85000000000001,75.07000000000001,81.42,47.11,51.51,67.83,26.2,14.92,33.96,10.15,352.15000000000003,355.62,96.23,100.43,102.99000000000001,99.15,103.95,106.43,98.81,105.88,108.08,99.43,103.78,106.24000000000001,83.38,84.7,101.12,32.67,11.63,51.19,13.18,349.28000000000003,350.96,85.36,87.99,86.75,,,,,,,35.02,43.77,,24.03,22.2,33.29,12.76,359.47,9.14,3.8000000000000003,346.26,345.21,1.23,1.31,1.22,,,,,,,0.89,0.8,,0.93,0.87,0.78,1.21,1.26,0.97,1.69,1.73,1.42,6.59,6.640000000000001,6.49,,,,,,,5.5200000000000005,5.34,,5.12,4.8500000000000005,4.74,5.48,5.09,4.66,6.2700000000000005,6.0600000000000005,5.4,7.24,7.36,7.34,7.82,8.290000000000001,8.59,8.4,9.43,9.22,8.96,9.38,9.08,7.73,7.71,9.17,5.88,5.41,6.3500000000000005,6.2700000000000005,6.03,5.37
2019-01-19 03:00:00,6.41,6.42,6.34,6.5600000000000005,6.55,6.45,6.65,6.66,6.59,6.29,6.53,6.65,5.44,5.84,6.2700000000000005,5.33,5.3500000000000005,5.5600000000000005,5.55,5.47,5.44,1.25,1.29,1.32,1.1,1.16,1.19,0.98,1.05,1.07,0.96,0.99,0.97,1.1400000000000001,1.06,0.96,1.26,1.33,1.12,1.48,1.6600000000000001,1.51,-5.3,-5.44,-5.2,-4.11,-4.22,-4.43,-2.08,-2.72,-3.2800000000000002,-1.19,-0.86,-1.27,-2.15,0.56,0.55,-1.58,2.04,1.94,1.85,3.73,3.35,0.81,1.05,1.24,-0.17,0.02,0.68,-2.35,-1.7,-0.98,-5.45,-3.75,-2.83,-7.84,-6.3100000000000005,-4.86,-7.88,-7.890000000000001,-6.86,-3.7800000000000002,-7.95,-8.17,86.89,89.42,92.17,84.07000000000001,86.25,89.44,80.63,83.0,86.08,70.77,75.69,81.63,45.87,50.76,67.16,32.42,14.56,28.080000000000002,15.98,351.79,349.6,93.92,99.07000000000001,100.75,98.34,103.11,106.19,99.84,106.05,107.69,99.73,103.77,104.46000000000001,63.120000000000005,83.79,99.18,37.13,8.81,46.64,16.990000000000002,350.40000000000003,342.31,85.41,87.49,86.19,,,,,,,50.43,41.29,,29.5,10.78,26.46,20.97,352.46,3.02,352.5,345.44,340.01,1.24,1.27,1.2,,,,,,,0.9,0.78,,0.99,0.81,0.78,1.1500000000000001,1.16,0.96,1.12,1.58,1.41,6.67,6.57,6.51,,,,,,,6.7,5.5,,4.72,4.67,4.75,5.4,4.96,4.63,5.05,5.87,5.45,7.23,7.3,7.26,7.9,8.370000000000001,8.35,8.790000000000001,9.28,8.94,9.33,9.21,8.88,6.28,7.59,9.1,5.79,5.32,6.33,6.03,5.8500000000000005,5.42
2019-01-19 06:00:00,6.41,6.38,6.33,6.57,6.54,6.46,6.59,6.67,6.61,6.11,6.53,6.69,5.29,5.7700000000000005,6.28,5.41,5.37,5.57,5.39,5.49,5.54,1.23,1.28,1.31,1.08,1.1400000000000001,1.16,0.97,1.03,1.04,0.97,0.96,0.9400000000000001,1.2,1.05,0.93,1.1500000000000001,1.21,1.08,1.32,1.43,1.3800000000000001,-5.5200000000000005,-6.0200000000000005,-5.59,-4.19,-5.1000000000000005,-4.91,-3.12,-3.36,-3.58,-1.82,-1.51,-1.6400000000000001,-2.31,-0.4,0.2,-1.07,1.21,1.95,-0.23,2.49,3.65,0.58,1.01,1.94,-1.51,-0.28,0.28,-3.54,-2.31,-1.72,-6.2,-4.75,-3.37,-8.57,-6.93,-5.01,-4.0600000000000005,-6.16,-5.61,5.15,-3.5700000000000003,-3.98,86.83,89.48,92.22,83.92,86.06,88.98,79.51,82.44,85.38,67.53,74.85000000000001,81.11,43.95,48.800000000000004,65.79,39.9,17.42,24.080000000000002,41.49,356.53000000000003,346.64,93.97,97.05,98.53,97.82000000000001,103.47,104.74000000000001,102.55,105.91,105.97,99.86,103.16,102.03,63.81,82.64,97.98,41.4,8.3,43.51,22.87,353.56,336.47,85.72,86.60000000000001,85.09,,85.33,82.18,,,,15.63,44.51,,27.560000000000002,15.84,352.8,30.84,357.26,338.94,192.97,347.2,330.58,1.23,1.21,1.1400000000000001,,1.1500000000000001,1.05,,,,0.58,0.74,,1.04,0.8,0.6,1.03,1.03,0.81,0.79,1.2,1.19,6.7,6.58,6.53,,6.46,6.41,,,,3.46,5.67,,4.78,4.67,4.26,5.19,4.7700000000000005,4.4,4.05,5.26,5.42,7.26,7.2700000000000005,7.23,7.97,8.4,8.21,9.26,9.0,8.78,9.24,8.99,8.83,6.44,7.45,9.07,5.76,5.19,6.29,5.86,5.66,5.46
2019-01-19 09:00:00,6.390000000000001,6.36,6.22,6.54,6.5200000000000005,6.390000000000001,6.37,6.640000000000001,6.6000000000000005,5.96,6.44,6.66,5.5,5.86,6.37,5.45,5.5,5.74,5.17,5.5,5.63,1.23,1.28,1.31,1.07,1.1300000000000001,1.1500000000000001,0.99,1.01,1.02,0.97,0.9500000000000001,0.92,1.1400000000000001,1.0,0.89,1.1,1.09,1.0,1.4000000000000001,1.23,1.22,-5.97,-5.57,-6.9,-4.07,-4.39,-5.5200000000000005,-2.52,-3.16,-3.75,-1.02,-1.77,-2.0300000000000002,-0.72,-0.42,-0.22,0.11,0.78,0.66,-1.9100000000000001,1.35,1.51,-0.31,0.06,0.67,-2.45,-1.59,-0.8300000000000001,-5.01,-3.12,-1.95,-6.21,-4.89,-3.48,-5.53,-5.36,-3.5500000000000003,1.4000000000000001,-4.38,-3.35,7.88,-1.96,-3.5500000000000003,86.29,88.93,92.12,83.10000000000001,85.21000000000001,88.0,76.2,81.14,84.26,65.0,72.73,79.65,46.61,50.9,66.62,57.550000000000004,24.51,27.41,116.87,4.2,348.79,93.18,94.89,100.02,98.79,102.04,107.43,102.13,104.63,105.76,99.32000000000001,101.09,99.65,66.09,82.37,96.4,57.72,11.92,40.97,93.0,356.68,333.03000000000003,85.77,86.25,85.23,,80.69,77.14,25.94,,72.06,19.25,27.18,,22.17,353.45,323.65000000000003,151.88,346.82,358.09000000000003,183.83,212.14000000000001,,1.23,1.21,1.1400000000000001,,1.05,0.9500000000000001,0.42,,0.85,0.54,0.59,,1.04,0.65,0.44,0.78,0.78,0.48,1.09,0.56,,6.84,6.69,6.63,,6.62,6.47,2.99,,6.3,3.36,4.49,,4.84,4.24,3.74,4.43,4.4,4.2,4.83,4.72,,7.28,7.26,7.55,8.120000000000001,8.2,8.49,8.96,8.77,8.68,9.06,8.870000000000001,8.88,6.68,7.46,9.040000000000001,5.5600000000000005,5.07,6.22,5.28,5.43,5.37
2019-01-19 12:00:00,6.36,6.34,6.13,6.53,6.51,6.32,6.41,6.65,6.55,6.13,6.5,6.68,5.73,6.0600000000000005,6.49,5.42,5.67,5.93,5.29,5.5,5.67,1.23,1.27,1.32,1.06,1.11,1.1400000000000001,0.97,0.99,1.0,0.92,0.92,0.89,1.02,0.93,0.85,1.16,1.0,0.92,1.46,1.1400000000000001,1.08,-5.91,-5.8,-6.8100000000000005,-4.12,-4.53,-5.57,-2.3000000000000003,-3.25,-4.32,-0.26,-2.0100000000000002,-3.16,0.12,-0.51,-1.69,0.09,0.91,0.22,-1.59,0.23,1.31,-0.39,0.31,0.41000000000000003,-1.58,-0.8,-0.1,-3.11,-1.8,-0.63,-3.58,-2.86,-1.16,-2.13,-3.22,-2.16,4.18,-3.63,-3.08,7.03,-1.4000000000000001,-3.98,85.43,88.04,91.08,82.41,84.16,86.83,76.2,80.39,83.2,67.72,72.91,78.97,54.97,55.33,68.32000000000001,84.06,32.21,33.71,150.07,12.34,354.40000000000003,91.44,95.35000000000001,97.43,98.23,102.47,105.11,100.85000000000001,103.23,102.79,98.88,99.26,97.89,67.2,89.55,95.52,81.03,22.91,82.4,172.13,350.58,345.18,84.98,85.04,84.67,,82.81,77.77,,,73.37,348.1,,,21.330000000000002,,,184.28,343.65000000000003,16.03,185.44,279.65000000000003,16.03,1.23,1.2,1.16,,1.12,0.98,,,0.87,0.46,,,0.58,,,0.8,0.75,0.37,1.17,0.97,0.37,6.890000000000001,6.79,6.72,,6.57,6.67,,,6.44,3.7600000000000002,,,4.37,,,4.78,4.57,4.5200000000000005,5.5,5.23,4.5200000000000005,7.3,7.48,7.54,8.2,8.31,8.22,8.69,8.63,8.63,8.89,8.88,8.93,6.68,8.22,9.03,5.58,5.33,7.890000000000001,5.53,5.19,5.65
2019-01-19 15:00:00,6.33,6.25,6.07,6.5200000000000005,6.43,6.23,6.54,6.640000000000001,6.49,6.38,6.63,6.72,5.79,6.28,6.63,5.3500000000000005,5.84,6.140000000000001,5.43,5.61,5.7700000000000005,1.22,1.28,1.33,1.05,1.11,1.1500000000000001,0.9400000000000001,0.97,0.99,0.87,0.89,0.87,0.99,0.87,0.81,1.27,0.9400000000000001,0.86,1.49,1.16,0.98,-5.74,-6.54,-6.74,-4.58,-5.5200000000000005,-5.69,-2.47,-4.16,-4.49,-0.08,-2.38,-2.98,0.2,-0.32,-1.1500000000000001,0.45,1.6400000000000001,0.78,-0.6,0.56,2.06,0.73,1.09,1.54,0.48,0.96,1.09,-0.04,-0.2,0.33,-0.28,-0.86,-0.2,0.68,-2.2,-1.68,6.63,-2.84,-2.88,7.8100000000000005,-0.17,-3.3000000000000003,84.94,87.61,90.4,82.27,83.82000000000001,86.26,77.41,80.01,82.5,71.48,73.99,78.69,73.88,59.910000000000004,69.89,129.47,39.74,40.63,165.18,9.53,1.1400000000000001,91.60000000000001,94.39,96.41,98.57000000000001,100.71000000000001,99.88,99.68,100.43,100.25,97.69,97.49000000000001,96.79,95.55,95.64,95.17,139.48,59.09,93.86,181.42000000000002,322.28000000000003,2.89,84.96000000000001,81.8,84.60000000000001,,76.94,82.53,,,95.99000000000001,,,,177.97,,,188.77,346.6,,184.21,325.5,,1.25,1.1300000000000001,1.18,,0.99,0.9400000000000001,,,0.62,,,,0.8300000000000001,,,1.03,0.6900000000000001,,1.28,0.91,,7.03,6.95,6.9,,6.88,6.65,,,5.99,,,,5.1000000000000005,,,5.38,4.6000000000000005,,5.96,5.15,,7.49,7.63,7.640000000000001,8.25,8.23,7.92,8.540000000000001,8.48,8.25,8.83,8.93,8.950000000000001,6.6000000000000005,9.05,9.02,5.33,6.55,9.07,5.86,5.18,6.0
2019-01-19 18:00:00,6.22,6.13,6.0200000000000005,6.42,6.29,6.140000000000001,6.6000000000000005,6.58,6.42,6.58,6.74,6.75,5.92,6.49,6.78,5.37,6.03,6.390000000000001,5.5600000000000005,5.83,5.99,1.24,1.3,1.35,1.05,1.12,1.16,0.91,0.96,0.98,0.8300000000000001,0.86,0.85,1.03,0.8300000000000001,0.79,1.3800000000000001,0.9400000000000001,0.8,1.51,1.24,0.9400000000000001,-6.28,-6.73,-6.78,-4.91,-5.59,-5.83,-3.0500000000000003,-4.22,-4.58,-0.59,-2.25,-3.21,-0.01,-0.02,-0.9400000000000001,0.37,1.26,0.9500000000000001,0.25,0.13,2.06,2.29,1.8900000000000001,1.71,2.2,1.85,1.74,1.86,1.56,1.68,1.25,0.01,0.3,2.66,-1.3900000000000001,-0.71,7.82,-1.56,-1.85,7.930000000000001,1.17,-2.46,85.75,87.91,90.15,83.09,84.23,86.17,78.45,80.22,82.3,73.9,74.72,78.36,93.26,64.55,71.22,158.94,57.58,47.660000000000004,169.76,198.45000000000002,355.58,92.44,93.18,94.82000000000001,97.94,95.74000000000001,97.37,96.09,96.95,97.71000000000001,95.94,96.48,96.13,123.35000000000001,95.35000000000001,95.16,172.63,122.87,94.08,182.39000000000001,197.14000000000001,25.67,82.67,82.78,85.18,88.42,86.23,92.9,98.37,97.07000000000001,93.47,,,,180.65,,,188.21,338.71,,183.15,189.64000000000001,,1.16,1.16,1.22,0.78,0.87,0.84,0.56,0.58,0.64,,,,1.21,,,1.25,0.51,,1.34,1.3800000000000001,,7.13,7.0600000000000005,6.99,7.15,6.7700000000000005,6.67,7.16,6.38,6.390000000000001,,,,5.47,,,5.75,4.38,,6.3,6.5200000000000005,,7.75,7.72,7.63,8.24,7.97,7.8,8.39,8.25,8.15,8.89,8.950000000000001,8.97,6.76,9.02,9.03,5.63,7.62,9.06,6.24,6.390000000000001,6.5200000000000005
2019-01-19 21:00:00,5.99,6.0,5.92,6.17,6.11,5.97,6.5200000000000005,6.46,6.22,6.71,6.8,6.74,5.99,6.63,6.94,5.44,6.2,6.640000000000001,5.69,6.0200000000000005,6.26,1.3,1.35,1.3800000000000001,1.08,1.1500000000000001,1.19,0.91,0.97,1.0,0.8,0.84,0.85,1.07,0.8300000000000001,0.77,1.42,1.02,0.79,1.51,1.33,1.0,-7.17,-7.17,-7.41,-5.98,-6.3500000000000005,-6.63,-4.0200000000000005,-5.0,-5.91,-1.4000000000000001,-3.0,-3.85,-0.14,-0.71,-1.6500000000000001,0.14,0.55,0.21,-0.45,-0.45,1.18,2.9,2.29,1.96,2.74,2.15,2.2,2.58,1.59,1.3,1.6,0.73,0.45,2.87,-1.52,-0.88,7.87,-1.31,-2.16,7.87,2.5,-2.46,88.04,88.61,90.35000000000001,85.09,85.12,86.98,79.87,80.65,82.96000000000001,75.77,75.37,78.22,122.7,75.4,72.38,171.21,133.83,54.46,170.47,192.9,288.68,89.66,91.96000000000001,92.42,93.27,93.94,93.47,93.21000000000001,95.21000000000001,93.44,95.06,95.76,95.71000000000001,138.64000000000001,102.25,95.2,181.39000000000001,167.16,94.43,181.75,199.96,152.95000000000002,89.27,84.67,86.35000000000001,93.99,88.66,92.05,104.97,83.13,79.13,,,69.03,181.83,,,186.1,309.22,,181.52,208.28,,1.18,1.22,1.26,0.81,0.89,0.92,0.46,0.75,0.81,,,0.75,1.32,,,1.32,0.66,,1.37,1.07,,7.66,7.12,6.95,6.65,6.87,6.79,4.67,6.51,6.67,,,6.73,5.74,,,6.0600000000000005,5.05,,6.58,6.0600000000000005,,7.73,7.71,7.48,8.02,7.8500000000000005,7.7,8.22,8.4,8.21,8.92,8.96,8.97,7.0,8.51,9.040000000000001,5.97,6.94,9.06,6.5600000000000005,6.55,7.51
2019-01-20 00:00:00,5.86,5.91,5.8100000000000005,5.98,5.98,5.84,6.42,6.37,6.140000000000001,6.74,6.83,6.74,6.0,6.68,7.05,5.53,6.32,6.8100000000000005,5.93,6.21,6.5,1.36,1.3900000000000001,1.42,1.12,1.18,1.23,0.91,0.98,1.02,0.79,0.8300000000000001,0.85,1.12,0.88,0.76,1.42,1.12,0.85,1.48,1.3800000000000001,1.12,-7.0200000000000005,-7.08,-7.5600000000000005,-5.63,-6.2,-6.74,-4.11,-4.67,-5.12,-2.64,-2.7,-3.61,-1.09,-1.01,-1.59,-1.07,-0.15,0.05,-1.32,-1.46,0.9,3.47,2.95,2.47,3.45,2.43,1.92,2.42,1.56,0.88,0.77,0.37,0.3,3.36,-1.3800000000000001,-0.29,7.640000000000001,-1.29,-1.79,6.91,2.31,-2.52,89.84,89.56,91.24,86.60000000000001,85.64,87.54,80.59,80.37,82.41,78.21000000000001,76.59,77.85000000000001,138.12,98.42,74.86,171.07,168.94,114.85000000000001,170.03,189.68,205.89000000000001,89.27,90.13,88.9,91.51,91.31,87.92,91.82000000000001,92.65,89.95,94.29,95.11,95.46000000000001,159.39000000000001,120.61,95.26,179.55,186.82,145.08,182.06,197.22,206.31,89.42,87.53,89.72,88.45,87.98,89.5,84.54,76.64,77.84,,,,178.92000000000002,,,182.1,311.69,,180.09,204.03,,1.31,1.29,1.34,0.9,0.97,1.04,0.66,0.9400000000000001,0.9500000000000001,,,,1.33,,,1.32,0.65,,1.35,1.1,,7.45,7.140000000000001,6.8500000000000005,7.19,6.86,6.84,7.11,6.79,6.74,,,,5.87,,,6.3,5.0200000000000005,,6.8,6.19,,7.72,7.58,7.19,7.9,7.76,7.47,8.17,8.31,7.890000000000001,8.93,8.96,8.96,6.48,7.84,9.040000000000001,6.25,6.78,7.7,6.8,6.8100000000000005,6.68
2019-01-20 03:00:00,5.84,5.89,5.8,5.93,5.98,5.87,6.3500000000000005,6.37,6.2,6.63,6.8100000000000005,6.7700000000000005,6.03,6.68,7.09,5.7,6.46,6.91,6.26,6.5,6.78,1.4000000000000001,1.41,1.43,1.1400000000000001,1.2,1.23,0.92,0.98,1.01,0.81,0.86,0.84,1.1400000000000001,0.97,0.8,1.37,1.2,0.97,1.44,1.4000000000000001,1.21,-6.8,-6.76,-6.82,-5.5600000000000005,-5.59,-5.58,-4.68,-4.24,-4.01,-3.66,-2.9,-2.67,-2.06,-1.51,-1.55,-2.35,-0.65,-0.26,-2.83,-1.79,1.08,3.73,3.2,2.54,3.1,2.52,2.02,1.6400000000000001,1.8900000000000001,1.7,0.43,0.77,1.35,2.9,-1.37,0.3,6.5200000000000005,-1.24,-1.23,5.38,2.12,-2.12,90.75,90.35000000000001,91.74,86.52,85.17,86.86,80.23,79.53,81.22,82.81,81.69,77.61,145.96,127.96000000000001,88.27,167.43,179.58,160.62,169.44,187.93,203.79,87.54,87.14,87.73,89.55,86.52,86.35000000000001,90.61,89.22,88.64,101.05,99.41,95.46000000000001,165.8,157.91,106.88,176.59,191.48000000000002,185.65,183.59,196.43,206.31,90.55,89.05,89.41,81.73,82.10000000000001,83.66,74.32000000000001,76.06,78.55,,,,173.26,,,177.83,320.54,,178.29,212.21,,1.35,1.33,1.33,1.02,1.11,1.1400000000000001,0.84,0.9400000000000001,1.0,,,,1.28,,,1.27,0.62,,1.29,0.99,,7.45,7.13,6.5600000000000005,7.2,7.0600000000000005,6.61,7.13,6.82,6.73,,,,5.91,,,6.53,5.05,,6.9,6.0200000000000005,,7.57,7.33,6.88,7.82,7.57,7.19,8.290000000000001,8.08,7.8,8.15,8.5,8.93,6.140000000000001,6.98,8.53,6.5200000000000005,6.79,7.08,7.19,7.08,6.86
2019-01-20 06:00:00,5.86,5.9,5.82,5.93,5.98,5.89,6.24,6.32,6.2,6.5,6.73,6.73,6.13,6.72,7.08,5.99,6.7,7.07,6.58,6.890000000000001,7.21,1.42,1.41,1.42,1.16,1.2,1.22,0.93,0.99,1.01,0.84,0.91,0.86,1.1300000000000001,1.05,0.89,1.3,1.25,1.08,1.3900000000000001,1.42,1.3,-6.95,-6.49,-6.61,-5.8,-5.7,-5.67,-5.05,-4.75,-4.6000000000000005,-4.3100000000000005,-3.52,-3.7,-2.69,-2.25,-2.34,-2.97,-1.51,-0.8200000000000001,-3.47,-2.57,0.67,3.27,3.14,3.0300000000000002,2.68,2.91,3.18,1.67,2.29,2.71,0.68,1.28,2.1,1.67,-0.48,1.09,4.7700000000000005,-1.3800000000000001,-0.47000000000000003,4.04,1.34,-1.18,90.81,90.63,92.15,85.7,84.97,86.9,80.05,79.84,81.13,88.7,93.75,81.04,148.88,148.71,117.09,163.88,181.84,181.02,168.73,186.43,199.54,84.99,85.33,86.74,85.66,83.72,83.81,86.25,86.51,87.5,102.60000000000001,114.54,96.05,164.22,172.91,141.46,173.8,190.26,199.17000000000002,184.69,194.71,202.85,90.04,88.9,90.38,82.13,81.31,84.03,74.68,76.57000000000001,78.35000000000001,81.0,,,169.61,,,173.48,,,176.71,,,1.34,1.32,1.33,1.05,1.09,1.12,0.84,0.96,0.99,0.49,,,1.1500000000000001,,,1.18,,,1.22,,,7.1000000000000005,6.88,6.59,7.04,6.9,6.68,6.78,6.76,6.59,4.49,,,6.08,,,6.69,,,6.97,,,7.37,7.11,6.73,7.65,7.32,6.92,7.99,7.84,7.71,8.3,7.59,8.88,6.5,6.78,7.74,6.74,6.94,6.9,7.65,7.73,7.45
2019-01-20 09:00:00,5.83,5.8500000000000005,5.7700000000000005,5.88,5.89,5.75,6.12,6.16,6.03,6.4,6.57,6.6000000000000005,6.3500000000000005,6.8,7.08,6.41,7.03,7.390000000000001,6.87,7.26,7.71,1.43,1.43,1.44,1.18,1.22,1.25,0.96,1.03,1.04,0.88,1.0,0.93,1.1,1.1300000000000001,1.01,1.22,1.29,1.18,1.33,1.43,1.4000000000000001,-7.640000000000001,-7.47,-7.53,-6.38,-6.67,-7.1000000000000005,-5.59,-5.79,-6.07,-4.71,-4.95,-4.83,-2.5,-4.07,-3.7800000000000002,-1.96,-3.08,-2.41,-3.79,-3.77,-0.9500000000000001,2.57,2.63,2.95,2.29,2.34,2.83,0.79,1.85,2.37,-0.61,0.34,1.32,-0.91,-1.28,0.54,1.45,-2.24,-0.61,1.3900000000000001,-0.29,-0.54,90.59,91.07000000000001,93.25,85.23,85.66,88.83,80.57000000000001,83.16,83.71000000000001,93.02,107.84,92.32000000000001,148.35,158.13,144.64000000000001,161.31,181.03,187.24,167.36,183.79,195.18,84.05,84.43,86.72,82.41,81.99,82.3,83.96000000000001,84.92,88.57000000000001,106.5,131.2,119.16,160.82,178.01,180.65,170.52,186.85,194.94,183.09,189.54,190.04,90.63,91.02,93.02,82.32000000000001,83.26,87.36,73.23,74.88,78.33,74.47,81.89,71.9,,81.52,,,,,,,,1.3900000000000001,1.3800000000000001,1.3900000000000001,1.08,1.1300000000000001,1.17,0.85,0.9,0.93,0.5700000000000001,0.37,0.8,,0.18,,,,,,,,7.19,7.01,6.76,7.18,6.97,6.78,7.11,7.03,6.92,5.38,3.45,6.8,,1.95,,,,,,,,7.26,7.01,6.76,7.43,7.140000000000001,6.78,7.65,7.25,7.8,7.65,6.96,7.79,6.78,6.9,6.94,7.3,7.44,7.44,8.15,8.42,8.71
2019-01-20 12:00:00,5.78,5.7700000000000005,5.7,5.84,5.82,5.68,6.1000000000000005,6.1000000000000005,5.95,6.47,6.61,6.59,6.65,7.05,7.2700000000000005,6.8100000000000005,7.41,7.8100000000000005,7.140000000000001,7.61,8.1,1.47,1.48,1.51,1.2,1.25,1.3,0.99,1.09,1.1,0.91,1.08,1.03,1.08,1.18,1.12,1.16,1.31,1.28,1.28,1.42,1.48,-7.88,-8.19,-8.51,-6.45,-6.9,-7.41,-5.0,-5.6000000000000005,-6.17,-3.09,-4.01,-4.8100000000000005,-0.65,-2.08,-3.14,0.34,-0.48,-0.96,-1.59,-0.88,-0.06,2.8000000000000003,2.14,2.02,2.06,1.69,1.4000000000000001,1.1500000000000001,1.12,1.32,0.96,0.28,0.45,0.26,-0.72,-0.51,2.09,-1.92,-0.9400000000000001,1.3,-0.9500000000000001,-0.07,90.64,91.26,93.69,85.0,86.0,88.99,81.55,87.9,86.75,96.46000000000001,119.9,108.42,147.23,163.16,161.77,159.66,179.78,187.78,166.11,181.57,191.25,83.19,84.03,86.22,81.48,80.62,81.48,84.76,95.22,91.17,110.2,147.9,144.0,156.07,174.3,185.63,163.8,179.37,182.0,175.57,184.49,185.85,90.85000000000001,91.26,93.97,82.31,83.16,87.4,75.68,75.29,78.19,,70.25,71.44,,,,,,,,,,1.44,1.44,1.49,1.11,1.16,1.21,0.9500000000000001,0.93,0.96,,0.81,0.79,,,,,,,,,,7.1000000000000005,6.86,6.7,7.09,6.8,6.54,7.16,6.98,6.86,,6.99,6.78,,,,,,,,,,7.140000000000001,6.91,6.7,7.29,6.97,6.69,7.49,7.0200000000000005,7.42,7.54,6.93,7.22,7.23,7.41,7.23,8.14,8.51,8.4,8.61,8.92,9.25
2019-01-20 15:00:00,5.7700000000000005,5.79,5.76,5.84,5.8500000000000005,5.78,6.17,6.2,6.09,6.62,6.82,6.82,6.98,7.4,7.640000000000001,7.140000000000001,7.7700000000000005,8.2,7.32,7.83,8.32,1.52,1.52,1.57,1.22,1.28,1.33,1.01,1.1400000000000001,1.16,0.93,1.1400000000000001,1.12,1.05,1.23,1.22,1.11,1.32,1.37,1.23,1.4000000000000001,1.5,-7.84,-7.7,-8.02,-6.18,-6.390000000000001,-6.47,-4.49,-5.21,-5.16,-3.0500000000000003,-3.7,-4.09,-2.88,-2.4,-2.59,-2.82,-1.3,-0.71,-3.37,-1.58,-0.41000000000000003,3.02,2.71,2.2,2.23,1.95,1.69,0.9,0.74,1.18,0.26,0.07,0.35000000000000003,-1.28,-0.44,-0.21,0.31,-1.31,-0.18,2.1,-0.17,0.64,90.67,91.06,92.97,85.02,86.60000000000001,88.2,82.85000000000001,94.02,91.38,99.04,130.0,125.56,145.23,165.79,171.29,157.38,178.13,186.67000000000002,164.64000000000001,179.54,188.18,82.36,83.71000000000001,86.06,80.64,82.27,82.06,88.29,108.35000000000001,103.42,113.56,155.41,161.9,143.3,169.32,172.86,153.75,177.46,176.72,168.86,181.6,186.91,91.02,91.27,92.86,83.45,82.95,86.21000000000001,76.25,76.24,79.58,,,,,,,,,,133.07,,,1.49,1.49,1.54,1.17,1.18,1.22,1.01,0.99,1.04,,,,,,,,,,0.62,,,6.96,6.8,6.62,7.0200000000000005,6.75,6.33,6.99,6.890000000000001,6.75,,,,,,,,,,5.3,,,6.97,6.8,6.640000000000001,7.15,6.83,6.6000000000000005,7.34,6.91,6.91,7.5,6.98,7.0200000000000005,8.18,8.040000000000001,8.1,8.84,8.63,8.83,9.450000000000001,9.55,9.84
2019-01-20 18:00:00,5.8100000000000005,5.86,5.87,5.88,5.96,5.93,6.26,6.42,6.36,6.78,7.12,7.2,7.26,7.72,8.02,7.37,7.99,8.42,7.36,7.88,8.35,1.54,1.55,1.58,1.24,1.32,1.36,1.03,1.2,1.22,0.9400000000000001,1.2,1.22,1.03,1.25,1.31,1.07,1.31,1.41,1.18,1.35,1.48,-7.76,-7.5600000000000005,-7.28,-6.4,-6.4,-6.18,-4.5200000000000005,-5.08,-5.11,-2.5300000000000002,-3.74,-3.9,-1.62,-2.49,-2.77,-1.33,-1.59,-1.74,-3.2600000000000002,-2.02,-1.53,2.62,2.73,2.59,1.9000000000000001,1.95,2.34,1.26,0.96,1.3800000000000001,0.76,0.21,0.73,-1.57,-0.71,0.11,-0.71,-1.1400000000000001,-0.17,1.08,0.27,0.67,90.2,90.89,92.45,85.27,88.43,89.06,84.54,101.51,99.91,100.47,137.34,140.53,142.68,166.18,175.08,154.47,176.09,184.89000000000001,162.42000000000002,177.26,185.62,81.8,83.74,85.84,80.12,86.83,85.4,89.74,118.12,118.4,110.33,147.63,152.13,134.27,163.74,169.05,150.83,172.43,180.77,170.57,182.61,189.99,90.19,90.64,91.8,81.69,82.34,84.31,75.99,76.49,78.05,,,,,,,,,,132.56,,,1.5,1.51,1.53,1.1500000000000001,1.2,1.25,1.0,1.03,1.04,,,,,,,,,,0.62,,,6.92,6.82,6.75,6.97,6.74,6.6000000000000005,7.04,6.8100000000000005,6.8500000000000005,,,,,,,,,,5.24,,,6.92,6.84,6.78,7.0,6.83,6.78,7.22,6.91,6.97,7.84,7.86,8.03,8.84,8.71,8.73,9.31,9.18,9.290000000000001,9.58,9.93,10.31
2019-01-20 21:00:00,5.88,5.93,5.94,5.95,6.11,6.11,6.32,6.68,6.7,6.890000000000001,7.390000000000001,7.57,7.47,7.91,8.24,7.48,8.06,8.45,7.29,7.7700000000000005,8.2,1.56,1.59,1.59,1.26,1.37,1.4000000000000001,1.05,1.26,1.31,0.9500000000000001,1.24,1.32,1.0,1.26,1.37,1.02,1.27,1.4000000000000001,1.1300000000000001,1.29,1.43,-7.7700000000000005,-7.92,-7.73,-6.22,-6.62,-6.5600000000000005,-4.84,-4.98,-5.37,-3.18,-3.75,-4.09,-1.69,-2.69,-2.89,-1.46,-2.02,-1.45,-3.31,-2.73,-2.0100000000000002,2.23,2.49,2.57,2.04,1.86,2.0,1.77,1.61,1.7,1.16,1.05,1.45,-0.85,-0.17,0.54,-0.67,-0.58,-0.05,0.24,0.17,0.92,89.45,91.31,92.96000000000001,85.86,91.8,92.72,86.35000000000001,108.93,111.59,100.86,141.48,150.48,139.72,164.78,175.4,151.31,173.66,182.77,159.20000000000002,174.15,182.71,81.96000000000001,84.74,86.7,81.57000000000001,91.4,90.57000000000001,90.04,119.89,121.67,108.92,147.54,154.26,132.43,161.96,175.52,154.0,176.28,187.93,167.91,181.24,189.81,89.02,90.47,92.10000000000001,81.06,81.86,83.83,76.24,77.3,77.59,,,,,,,,,,127.25,,,1.52,1.55,1.55,1.17,1.22,1.25,1.02,1.07,1.05,,,,,,,,,,0.61,,,6.97,6.95,6.91,6.95,6.9,6.95,7.0200000000000005,6.91,7.11,,,,,,,,,,5.19,,,6.98,6.96,6.92,6.95,6.92,6.94,7.17,7.26,7.45,8.290000000000001,8.43,8.540000000000001,9.02,8.94,9.15,9.35,9.72,10.3,9.32,9.61,10.05
2019-01-21 00:00:00,5.98,6.05,6.04,6.0600000000000005,6.32,6.36,6.38,6.91,7.05,6.91,7.55,7.79,7.54,7.95,8.27,7.47,7.99,8.35,7.15,7.57,7.930000000000001,1.57,1.61,1.6,1.29,1.42,1.45,1.07,1.32,1.3900000000000001,0.96,1.27,1.3800000000000001,0.98,1.24,1.3800000000000001,0.98,1.23,1.36,1.08,1.24,1.37,-7.53,-7.57,-7.5600000000000005,-5.95,-6.36,-6.46,-4.68,-5.2,-5.19,-3.74,-4.0200000000000005,-4.33,-2.58,-3.0,-3.0100000000000002,-2.5500000000000003,-2.2600000000000002,-1.24,-3.75,-3.33,-2.39,2.41,2.2600000000000002,2.2800000000000002,2.0,2.0100000000000002,1.96,1.51,1.61,1.82,1.09,1.17,1.58,0.18,1.11,1.4000000000000001,-1.09,-0.3,0.32,-0.67,0.02,1.12,89.09,92.48,94.39,86.43,96.02,99.0,87.27,114.36,122.71000000000001,100.04,141.95000000000002,154.83,135.58,161.77,173.57,147.3,170.51,180.23,154.61,169.75,178.84,82.22,86.76,88.84,82.31,94.44,96.10000000000001,89.12,121.27,129.35,108.13,146.3,158.67000000000002,132.36,166.51,180.04,145.1,177.34,188.03,160.93,176.24,188.38,87.84,89.4,91.38,81.23,81.33,83.37,76.15,76.91,79.26,,,,,,,,,,122.38,131.32,,1.52,1.54,1.54,1.21,1.23,1.26,1.06,1.09,1.12,,,,,,,,,,0.64,0.67,,7.08,7.0600000000000005,7.0200000000000005,7.05,7.08,7.09,7.140000000000001,7.12,7.16,,,,,,,,,,5.11,5.0,,7.09,7.07,7.05,6.99,7.0200000000000005,7.07,7.42,7.74,7.9,8.72,8.57,8.5,9.1,9.32,9.63,9.19,9.59,10.08,9.05,9.26,9.65
2019-01-21 03:00:00,6.08,6.21,6.24,6.17,6.53,6.640000000000001,6.43,7.0600000000000005,7.2700000000000005,6.7700000000000005,7.55,7.83,7.42,7.8500000000000005,8.16,7.3500000000000005,7.87,8.18,7.0200000000000005,7.42,7.71,1.57,1.62,1.6300000000000001,1.3,1.47,1.52,1.09,1.35,1.45,0.97,1.27,1.4000000000000001,0.96,1.21,1.35,0.9500000000000001,1.18,1.3,1.05,1.2,1.32,-6.98,-7.22,-7.15,-5.46,-6.03,-6.34,-4.8,-4.86,-5.38,-4.63,-4.08,-4.23,-3.88,-3.52,-3.22,-3.38,-2.25,-1.3800000000000001,-3.66,-3.49,-3.06,2.79,2.57,2.43,2.81,2.43,2.2800000000000002,1.97,2.35,2.17,1.54,2.05,2.19,0.1,1.01,1.86,-1.5,-0.63,0.24,-1.02,0.25,1.29,89.4,94.83,97.3,87.09,100.43,106.54,87.31,117.07000000000001,129.96,98.3,139.24,154.83,129.28,157.01,170.24,141.73,166.39000000000001,177.0,149.59,165.08,174.33,82.61,88.31,89.71000000000001,82.01,96.78,100.8,88.10000000000001,122.27,135.87,104.66,144.69,165.83,133.63,165.78,186.16,145.14000000000001,171.24,185.84,158.20000000000002,172.51,184.67000000000002,87.33,89.02,90.72,82.89,82.4,83.24,,77.71000000000001,92.49,90.34,,,83.86,,,83.86,,,119.26,127.14,132.8,1.51,1.52,1.52,1.29,1.28,1.26,,1.11,0.84,0.34,,,0.2,,,0.2,,,0.68,0.6900000000000001,0.73,7.2,7.17,7.2,7.16,7.18,7.17,,7.18,6.95,2.63,,,1.95,,,1.95,,,4.72,4.74,4.73,7.18,7.17,7.21,7.08,7.26,7.45,7.67,8.040000000000001,8.22,8.66,8.620000000000001,8.950000000000001,9.03,9.33,10.1,9.01,9.26,9.68,8.84,8.96,9.26
2019-01-21 06:00:00,6.11,6.32,6.44,6.18,6.62,6.83,6.3500000000000005,7.03,7.32,6.61,7.43,7.73,7.23,7.7,7.98,7.19,7.7700000000000005,8.040000000000001,6.9,7.37,7.6000000000000005,1.58,1.6500000000000001,1.6600000000000001,1.33,1.51,1.58,1.12,1.37,1.48,0.99,1.26,1.3900000000000001,0.9400000000000001,1.18,1.31,0.93,1.1300000000000001,1.25,1.04,1.17,1.29,-7.0600000000000005,-7.3100000000000005,-7.21,-6.140000000000001,-6.36,-6.42,-5.69,-5.6000000000000005,-5.38,-5.25,-4.87,-4.7,-4.23,-3.74,-3.83,-3.93,-2.44,-1.92,-4.8100000000000005,-4.03,-3.7600000000000002,3.81,3.4,3.08,3.47,3.46,3.02,1.98,2.69,2.7600000000000002,0.9400000000000001,1.36,1.7,0.07,0.63,0.77,-1.16,0.35000000000000003,1.1300000000000001,-1.68,0.62,1.6400000000000001,91.21000000000001,98.5,102.14,88.84,104.52,113.11,87.28,117.07000000000001,132.32,95.41,133.97,151.6,122.32000000000001,150.75,165.51,135.42000000000002,161.61,172.96,143.32,160.65,169.65,83.22,90.05,92.42,80.38,97.02,105.9,86.03,119.59,137.85,103.26,144.06,168.12,134.58,165.53,183.41,142.69,167.59,181.52,153.58,168.47,179.32,88.45,89.9,91.23,81.64,82.68,84.05,75.36,85.81,89.77,73.0,,138.79,84.66,,,84.66,,,100.5,127.2,135.14000000000001,1.51,1.53,1.52,1.22,1.26,1.27,1.0,0.91,0.88,0.77,,0.07,0.27,,,0.27,,,0.81,0.66,0.6900000000000001,7.3100000000000005,7.37,7.44,7.3,7.33,7.29,7.25,7.03,6.94,7.09,,5.87,2.49,,,2.49,,,4.76,4.79,4.8500000000000005,7.28,7.32,7.4,7.26,7.5600000000000005,7.75,7.79,8.13,8.24,8.540000000000001,8.67,9.120000000000001,8.88,9.18,9.71,8.81,8.92,9.27,8.620000000000001,8.69,8.91
2019-01-21 09:00:00,6.03,6.34,6.53,6.08,6.55,6.8500000000000005,6.25,6.890000000000001,7.23,6.51,7.25,7.58,7.04,7.53,7.83,7.08,7.69,7.96,6.8500000000000005,7.43,7.61,1.6300000000000001,1.71,1.73,1.37,1.55,1.6300000000000001,1.1400000000000001,1.3800000000000001,1.49,1.0,1.24,1.36,0.9400000000000001,1.1500000000000001,1.27,0.92,1.11,1.22,1.05,1.16,1.29,-8.05,-7.88,-7.94,-6.96,-7.2,-7.04,-6.05,-6.28,-6.13,-5.16,-5.21,-4.91,-4.65,-4.69,-4.24,-4.18,-3.99,-3.25,-4.89,-4.97,-5.0200000000000005,4.04,3.75,3.2800000000000002,2.91,3.08,3.14,0.87,1.52,1.78,0.15,0.52,0.7000000000000001,-1.1500000000000001,-0.11,0.55,-1.97,-0.48,0.49,-2.48,-0.49,0.6,94.24,102.24000000000001,107.36,90.53,106.36,116.47,86.4,114.03,130.11,91.66,127.03,146.04,115.0,143.05,159.75,129.15,155.84,168.34,137.12,156.32,165.02,84.09,91.82000000000001,95.83,80.67,98.51,109.43,86.04,114.24000000000001,134.66,99.25,136.84,169.72,121.45,154.92000000000002,178.02,134.16,157.89000000000001,175.09,147.02,161.57,172.44,91.88,92.5,93.12,84.11,85.45,86.31,74.5,76.63,77.88,71.8,72.32000000000001,73.43,77.18,78.63,,67.73,78.63,,80.02,122.12,129.12,1.59,1.59,1.57,1.27,1.32,1.31,1.0,1.04,1.05,0.89,0.93,0.93,0.25,0.2,,0.26,0.2,,0.66,0.66,0.73,7.43,7.55,7.53,7.46,7.43,7.36,7.25,7.23,7.17,7.15,7.23,7.05,2.37,2.06,,2.38,2.06,,3.94,4.91,4.91,7.390000000000001,7.5200000000000005,7.54,7.46,7.7700000000000005,7.87,7.94,8.09,8.15,8.41,8.53,9.11,8.65,8.78,9.27,8.59,8.64,8.89,8.45,8.5,8.68
2019-01-21 12:00:00,5.99,6.32,6.53,6.0200000000000005,6.48,6.78,6.2,6.78,7.11,6.48,7.13,7.47,6.99,7.42,7.75,7.09,7.7,7.99,6.99,7.640000000000001,7.82,1.69,1.76,1.79,1.41,1.58,1.6500000000000001,1.16,1.37,1.48,1.0,1.22,1.33,0.9400000000000001,1.1400000000000001,1.24,0.92,1.11,1.21,1.05,1.17,1.31,-8.700000000000001,-8.44,-8.47,-7.390000000000001,-7.51,-7.42,-5.9,-6.2,-6.2,-4.55,-5.16,-5.0,-3.54,-4.64,-4.62,-2.83,-3.59,-3.37,-3.4,-4.38,-4.82,2.8000000000000003,2.9,2.79,1.76,1.8900000000000001,2.19,0.42,0.6,0.89,-0.46,-0.29,0.26,-1.8800000000000001,-1.34,-0.59,-2.96,-1.72,-0.96,-4.07,-1.99,-0.9,94.99,103.52,109.94,90.08,104.81,115.76,84.8,109.14,124.97,88.37,120.12,139.32,109.43,135.24,153.36,124.25,150.36,163.83,133.22,153.14000000000001,161.98,84.42,92.49,98.38,81.14,97.83,110.63,84.41,110.97,129.18,98.97,131.74,158.87,119.62,145.06,169.85,129.42000000000002,153.29,166.58,139.87,156.74,172.71,92.73,93.3,93.93,84.46000000000001,85.69,87.44,74.35000000000001,76.11,77.58,71.36,70.22,73.11,74.26,67.19,,56.45,67.13,,59.800000000000004,107.04,122.37,1.6500000000000001,1.6400000000000001,1.6,1.32,1.35,1.36,1.03,1.07,1.07,0.91,0.9,0.9500000000000001,0.27,0.46,,0.26,0.24,,0.5,0.73,0.76,7.5,7.57,7.49,7.5200000000000005,7.44,7.51,7.29,7.26,7.24,7.2700000000000005,7.23,7.23,2.77,4.71,,2.54,2.34,,3.36,4.9,4.94,7.45,7.58,7.58,7.63,7.82,7.87,7.98,8.09,8.07,8.32,8.48,8.700000000000001,8.47,8.56,8.84,8.44,8.46,8.65,8.36,8.39,9.040000000000001
2019-01-21 15:00:00,6.0600000000000005,6.33,6.53,6.08,6.46,6.71,6.25,6.74,7.03,6.55,7.140000000000001,7.43,7.09,7.51,7.83,7.21,7.92,8.22,7.24,8.08,8.33,1.7,1.78,1.82,1.41,1.57,1.6500000000000001,1.1500000000000001,1.35,1.45,0.99,1.2,1.3,0.93,1.1300000000000001,1.23,0.92,1.12,1.23,1.05,1.19,1.33,-8.14,-8.33,-8.4,-6.41,-7.1000000000000005,-7.47,-4.78,-5.75,-6.0,-3.0700000000000003,-4.26,-4.84,-1.85,-3.48,-4.09,-1.19,-2.19,-2.54,-1.47,-2.61,-3.0,1.28,1.12,1.28,1.0,1.02,1.02,0.75,0.51,0.76,0.38,-0.14,-0.13,-1.6300000000000001,-1.26,-0.9400000000000001,-3.67,-2.77,-2.11,-5.48,-3.42,-2.24,93.08,101.84,108.96000000000001,88.11,101.65,112.32000000000001,83.25,104.65,119.61,86.43,115.22,133.11,106.65,130.88,148.55,120.89,147.52,161.13,129.79,152.92000000000002,162.78,84.28,92.22,99.61,82.56,96.34,110.23,84.01,108.31,123.34,97.3,130.76,149.82,117.11,142.78,158.85,124.44,148.9,161.82,140.95000000000002,170.05,186.61,90.73,91.65,92.78,82.63,84.12,85.78,77.5,76.42,77.58,,71.58,72.10000000000001,,,,41.5,,,50.92,91.99,108.97,1.6500000000000001,1.6500000000000001,1.6300000000000001,1.31,1.36,1.36,1.16,1.11,1.1,,0.9500000000000001,0.96,,,,0.29,,,0.5,0.75,0.77,7.49,7.46,7.36,7.44,7.45,7.3500000000000005,7.390000000000001,7.33,7.29,,7.25,7.26,,,,2.69,,,3.39,4.8100000000000005,4.8500000000000005,7.46,7.5,7.53,7.71,7.79,7.82,7.98,8.1,8.05,8.23,8.38,8.5,8.36,8.4,8.59,8.34,8.34,8.48,8.84,9.870000000000001,10.94
2019-01-21 18:00:00,6.13,6.36,6.54,6.15,6.47,6.67,6.32,6.7700000000000005,7.0200000000000005,6.66,7.25,7.53,7.26,7.76,8.07,7.5,8.32,8.65,7.79,8.81,9.120000000000001,1.67,1.75,1.81,1.3900000000000001,1.54,1.6300000000000001,1.1500000000000001,1.33,1.43,0.99,1.19,1.29,0.93,1.1300000000000001,1.24,0.93,1.1400000000000001,1.26,1.05,1.21,1.36,-7.5600000000000005,-7.7,-7.91,-6.140000000000001,-6.640000000000001,-7.0600000000000005,-4.92,-5.47,-5.87,-3.06,-4.37,-4.8,-1.25,-3.5100000000000002,-4.2,-0.24,-2.05,-2.57,-0.36,-0.73,-1.22,1.6300000000000001,1.24,0.9400000000000001,2.0100000000000002,1.57,1.3900000000000001,0.8,0.79,0.93,0.14,-0.35000000000000003,-0.08,-1.24,-1.46,-1.28,-3.0700000000000003,-2.89,-2.48,-4.61,-3.3000000000000003,-2.88,91.25,99.72,106.8,86.82000000000001,98.97,108.81,82.2,101.63,115.45,85.38,112.21000000000001,128.98,105.5,129.32,146.22,120.27,147.23,160.83,131.9,156.5,166.8,83.7,90.74,98.51,82.32000000000001,93.93,107.56,82.52,106.60000000000001,122.61,93.06,128.64000000000001,144.5,114.02,138.45000000000002,152.76,119.81,147.95000000000002,169.64000000000001,135.38,183.98,197.48000000000002,89.04,90.02,91.14,81.79,83.11,85.39,76.93,77.01,77.48,,,72.53,,,,26.95,,,39.11,,,1.6300000000000001,1.6300000000000001,1.62,1.31,1.35,1.3900000000000001,1.16,1.1400000000000001,1.11,,,0.96,,,,0.36,,,0.51,,,7.5,7.390000000000001,7.3,7.5,7.44,7.45,7.42,7.29,7.34,,,7.26,,,,2.98,,,3.5700000000000003,,,7.48,7.44,7.5,7.72,7.72,7.76,7.94,8.06,8.040000000000001,8.15,8.27,8.35,8.27,8.27,8.39,8.26,8.59,9.48,8.78,11.42,12.71
2019-01-21 21:00:00,6.12,6.3500000000000005,6.53,6.140000000000001,6.45,6.65,6.36,6.84,7.07,6.7700000000000005,7.45,7.75,7.49,8.13,8.47,7.83,8.89,9.28,8.07,9.61,10.08,1.6500000000000001,1.73,1.78,1.3900000000000001,1.53,1.62,1.1400000000000001,1.33,1.43,0.99,1.19,1.3,0.93,1.1500000000000001,1.26,0.93,1.17,1.3,1.1,1.25,1.41,-8.0,-7.97,-7.84,-6.7700000000000005,-7.25,-7.36,-5.17,-5.67,-6.19,-3.5700000000000003,-4.3,-4.88,-1.19,-3.5300000000000002,-4.11,-0.29,-2.36,-2.54,-1.31,-0.93,-0.08,1.86,1.43,1.36,1.71,1.03,1.17,0.61,0.09,-0.14,-0.26,-0.78,-0.8300000000000001,-1.03,-1.67,-1.81,-2.98,-2.5300000000000002,-2.67,-6.5,-3.71,-2.45,90.57000000000001,98.13,105.10000000000001,86.49,96.95,106.09,81.72,99.77,112.26,84.82000000000001,110.94,127.22,105.23,129.7,146.37,119.89,149.12,162.78,128.13,161.23,172.37,83.69,90.62,97.14,82.43,93.23,104.37,82.83,100.65,120.24000000000001,88.46000000000001,114.87,141.77,105.13,127.4,154.47,114.48,159.31,188.8,156.66,194.31,197.4,88.76,89.3,90.16,82.10000000000001,83.29,84.94,76.76,76.29,76.29,,,71.53,,,,32.69,,,26.2,13.75,,1.62,1.62,1.6,1.32,1.3800000000000001,1.4000000000000001,1.1500000000000001,1.1400000000000001,1.11,,,0.97,,,,0.48,,,0.55,0.28,,7.51,7.390000000000001,7.32,7.54,7.47,7.48,7.36,7.3500000000000005,7.38,,,7.26,,,,4.93,,,4.45,2.4,,7.49,7.44,7.5,7.69,7.67,7.71,7.890000000000001,8.0,8.02,8.040000000000001,8.14,8.23,8.17,8.15,8.78,8.16,9.77,11.73,10.39,13.38,12.55
2019-01-22 00:00:00,6.12,6.36,6.53,6.17,6.51,6.72,6.45,7.01,7.28,6.890000000000001,7.7700000000000005,8.14,7.72,8.6,9.05,8.17,9.46,10.01,8.26,10.200000000000001,10.91,1.6400000000000001,1.71,1.76,1.3900000000000001,1.52,1.61,1.1400000000000001,1.32,1.43,0.99,1.2,1.32,0.9400000000000001,1.17,1.31,0.9400000000000001,1.21,1.36,1.1300000000000001,1.28,1.46,-7.63,-7.69,-7.73,-6.17,-6.66,-6.9,-4.4,-4.99,-5.42,-3.21,-3.5,-4.12,-2.21,-2.83,-3.2600000000000002,-1.6,-2.5,-2.29,-0.97,-0.66,-0.31,1.3,0.8300000000000001,0.86,1.41,0.8300000000000001,0.78,0.41000000000000003,0.06,-0.01,-0.24,-0.79,-0.99,-2.13,-1.69,-1.56,-3.7,-3.04,-2.4,-6.01,-4.01,-2.75,89.92,96.72,103.74000000000001,85.82000000000001,95.4,104.39,81.28,98.93,111.15,84.75,111.76,128.44,105.23,132.26,149.75,120.23,151.99,166.65,123.49000000000001,165.27,177.43,84.09,90.62,96.99000000000001,82.83,93.01,102.92,83.17,100.32000000000001,112.35000000000001,88.0,109.39,127.06,101.98,124.24000000000001,163.98,118.75,179.03,195.89000000000001,181.52,195.43,200.0,88.28,88.51,89.5,84.82000000000001,82.81,84.0,,79.38,79.67,,,,,,,23.27,,,17.490000000000002,11.85,,1.61,1.61,1.58,1.42,1.3800000000000001,1.3900000000000001,,1.25,1.22,,,,,,,0.4,,,0.58,0.33,,7.5,7.41,7.32,7.6000000000000005,7.53,7.44,,7.67,7.62,,,,,,,3.0,,,3.49,2.82,,7.49,7.46,7.47,7.65,7.65,7.68,7.84,7.92,7.99,7.96,8.01,8.13,8.07,8.39,9.98,8.72,12.0,12.99,13.0,14.82,15.6
2019-01-22 03:00:00,6.19,6.44,6.63,6.2700000000000005,6.67,6.94,6.5600000000000005,7.2700000000000005,7.66,6.99,8.16,8.66,7.640000000000001,9.05,9.67,7.76,9.77,10.57,7.71,10.27,11.31,1.6,1.67,1.73,1.37,1.5,1.58,1.1300000000000001,1.32,1.43,0.99,1.21,1.35,0.97,1.2,1.36,1.01,1.24,1.42,1.22,1.31,1.5,-6.84,-6.82,-6.95,-5.53,-5.87,-6.09,-4.15,-4.48,-4.8,-3.5700000000000003,-3.34,-3.77,-3.42,-2.94,-3.15,-3.77,-2.6,-2.59,-3.23,-1.34,-0.99,1.59,1.27,0.96,1.47,1.3,1.47,0.51,0.67,0.97,-0.65,-0.23,0.05,-3.19,-1.9000000000000001,-1.1500000000000001,-5.36,-3.97,-2.7600000000000002,-7.7700000000000005,-5.26,-3.89,89.2,95.98,102.98,84.98,94.9,104.49000000000001,80.93,99.39,113.04,85.03,114.2,132.55,102.06,135.41,154.56,109.34,153.05,170.18,101.26,165.82,180.31,84.69,90.64,96.45,82.01,93.03,101.95,83.54,99.76,110.84,87.48,106.99000000000001,128.69,97.97,146.08,185.31,128.0,193.95000000000002,198.0,181.91,196.96,199.53,87.64,87.73,88.87,84.21000000000001,83.47,85.25,,,,,,,63.38,,,48.480000000000004,41.32,,29.93,11.33,,1.58,1.56,1.56,1.43,1.42,1.43,,,,,,,0.62,,,0.62,0.49,,0.8,0.4,,7.51,7.44,7.3,7.54,7.45,7.33,,,,,,,7.5,,,5.61,4.9,,4.23,2.8000000000000003,,7.51,7.49,7.43,7.62,7.65,7.65,7.78,7.86,7.95,7.9,7.930000000000001,8.59,7.98,9.92,12.56,9.450000000000001,14.790000000000001,15.91,13.08,15.21,15.68
2019-01-22 06:00:00,6.24,6.54,6.79,6.34,6.8500000000000005,7.24,6.62,7.54,8.09,6.97,8.44,9.13,7.2,9.23,10.05,6.87,9.55,10.78,7.03,9.68,11.25,1.56,1.6300000000000001,1.7,1.35,1.48,1.57,1.1300000000000001,1.32,1.44,1.01,1.23,1.3900000000000001,1.04,1.22,1.4000000000000001,1.1400000000000001,1.27,1.44,1.31,1.32,1.49,-6.68,-6.68,-6.84,-5.65,-5.8500000000000005,-5.99,-4.57,-4.79,-4.89,-4.15,-4.01,-4.34,-4.47,-3.5,-3.7800000000000002,-4.7700000000000005,-3.2800000000000002,-2.75,-4.13,-2.6,-1.3800000000000001,2.18,1.96,1.73,1.57,1.82,1.96,-0.51,0.47000000000000003,1.4000000000000001,-2.7600000000000002,-1.57,-0.5700000000000001,-5.1000000000000005,-3.0,-2.15,-7.03,-4.93,-3.48,-7.82,-6.17,-4.37,89.08,96.27,103.44,84.59,95.58,106.18,80.67,100.74000000000001,116.96000000000001,84.28,116.19,137.16,92.89,135.87,157.56,87.92,147.45000000000002,171.42000000000002,79.09,157.94,180.78,85.3,90.65,95.84,82.60000000000001,93.04,100.99000000000001,83.79,98.68,108.96000000000001,86.99,110.39,154.13,94.85000000000001,166.81,196.26,116.45,195.07,198.09,119.27,196.95000000000002,199.8,87.42,87.68,88.93,83.83,83.37,84.92,,,,59.17,,,54.980000000000004,57.33,,50.39,46.83,,35.97,33.1,,1.54,1.53,1.54,1.41,1.3900000000000001,1.4000000000000001,,,,0.51,,,0.65,0.72,,0.88,0.67,,1.02,0.6,,7.5600000000000005,7.45,7.3,7.5600000000000005,7.47,7.32,,,,4.82,,,5.17,7.41,,5.65,6.53,,4.82,5.08,,7.5600000000000005,7.5200000000000005,7.42,7.61,7.66,7.65,7.74,7.8100000000000005,7.91,7.8500000000000005,8.290000000000001,10.43,7.92,11.47,15.5,8.05,15.040000000000001,15.46,7.0200000000000005,14.98,15.27
2019-01-22 09:00:00,6.21,6.6000000000000005,6.97,6.3500000000000005,6.99,7.51,6.6000000000000005,7.7,8.41,6.76,8.45,9.35,6.42,8.790000000000001,10.07,6.04,8.69,10.48,6.08,8.47,10.68,1.55,1.62,1.7,1.34,1.48,1.58,1.1400000000000001,1.33,1.47,1.04,1.26,1.42,1.16,1.26,1.42,1.32,1.32,1.43,1.54,1.3800000000000001,1.45,-7.5,-7.43,-7.26,-6.32,-6.51,-6.640000000000001,-4.97,-5.38,-5.71,-3.91,-4.32,-4.63,-4.3,-4.24,-3.7600000000000002,-4.75,-4.17,-3.38,-4.87,-3.75,-2.9,1.83,1.86,1.82,0.43,0.96,1.51,-2.3000000000000003,-0.97,0.01,-4.23,-2.98,-1.96,-7.48,-4.97,-3.13,-8.790000000000001,-6.57,-4.5600000000000005,-10.17,-7.57,-5.46,89.59,97.18,104.77,84.51,96.62,108.41,79.9,101.64,120.31,80.57000000000001,114.75,139.26,75.63,126.13000000000001,156.9,63.620000000000005,127.15,168.49,49.71,125.24000000000001,177.58,85.79,90.7,95.45,83.73,92.77,99.74000000000001,83.77,97.09,116.52,86.28,126.11,183.79,82.81,186.37,196.8,90.24,195.1,198.17000000000002,40.34,197.16,199.57,87.77,88.35000000000001,89.06,83.10000000000001,81.73,82.98,70.54,77.51,78.04,63.36,62.32,67.25,51.83,56.36,44.410000000000004,44.47,48.25,50.09,35.410000000000004,35.61,49.34,1.52,1.52,1.51,1.36,1.33,1.32,0.99,1.2,1.16,0.93,0.85,0.9,0.96,0.76,0.32,1.1400000000000001,0.84,0.6,1.35,0.89,0.64,7.59,7.46,7.33,7.59,7.51,7.390000000000001,7.75,7.57,7.5200000000000005,7.45,7.28,7.2,6.54,6.71,2.68,4.93,6.17,6.3100000000000005,4.79,4.21,6.78,7.6000000000000005,7.54,7.46,7.63,7.66,7.66,7.72,7.78,8.51,7.8,9.290000000000001,13.15,6.44,13.55,15.290000000000001,6.51,14.8,15.11,5.49,14.59,14.85
2019-01-22 12:00:00,6.16,6.63,7.13,6.33,7.04,7.68,6.5,7.66,8.51,6.53,8.1,9.22,6.140000000000001,8.13,9.5,5.92,8.040000000000001,9.59,5.95,7.7700000000000005,9.71,1.55,1.6300000000000001,1.71,1.34,1.49,1.6,1.16,1.35,1.49,1.07,1.28,1.43,1.2,1.29,1.43,1.32,1.31,1.43,1.57,1.37,1.41,-7.76,-7.86,-7.68,-6.12,-6.82,-6.95,-4.2,-5.38,-5.79,-2.41,-4.34,-4.83,-1.79,-3.3000000000000003,-4.57,-1.82,-2.05,-3.63,-1.6,-0.89,-1.67,-0.26,0.0,0.23,-1.82,-1.3800000000000001,-0.7000000000000001,-3.91,-2.81,-1.98,-5.55,-4.73,-3.31,-7.42,-6.22,-5.19,-7.91,-6.58,-6.3500000000000005,-8.71,-7.33,-6.71,88.86,96.93,105.28,83.42,95.98,109.09,78.01,100.11,120.34,75.97,107.37,136.19,66.96000000000001,110.0,147.34,57.36,109.35000000000001,156.37,42.28,100.04,169.18,86.34,90.8,95.87,84.84,92.09,98.91,83.53,95.01,147.79,85.26,123.54,195.47,89.14,186.38,196.59,58.52,195.44,197.96,35.2,191.66,200.11,86.97,87.84,88.53,80.83,80.49,82.43,71.75,72.75,74.57000000000001,41.81,63.42,66.52,35.910000000000004,50.32,58.9,38.51,36.19,47.660000000000004,28.580000000000002,24.64,27.01,1.52,1.53,1.51,1.33,1.32,1.33,1.12,1.1,1.11,0.6900000000000001,0.9500000000000001,0.93,0.8300000000000001,0.84,0.86,1.09,0.76,0.78,1.34,0.88,0.61,7.6000000000000005,7.46,7.390000000000001,7.62,7.51,7.44,7.69,7.59,7.54,4.87,7.36,7.32,4.2,6.15,7.25,4.76,4.39,6.6000000000000005,5.26,4.28,4.03,7.61,7.55,7.55,7.65,7.65,7.71,7.7,7.75,10.32,7.7700000000000005,9.25,15.15,7.8500000000000005,13.34,14.950000000000001,5.65,14.44,14.67,5.3100000000000005,9.94,14.450000000000001
2019-01-22 15:00:00,6.23,6.74,7.3100000000000005,6.390000000000001,7.12,7.8500000000000005,6.53,7.61,8.51,6.51,7.92,9.03,6.15,7.68,9.120000000000001,5.99,7.5,8.83,5.88,7.25,8.71,1.52,1.62,1.7,1.32,1.47,1.59,1.1500000000000001,1.33,1.48,1.06,1.26,1.4000000000000001,1.1500000000000001,1.27,1.3800000000000001,1.21,1.28,1.4000000000000001,1.48,1.33,1.3900000000000001,-6.12,-6.53,-6.75,-4.47,-5.13,-5.5200000000000005,-2.38,-3.6,-4.36,-0.8300000000000001,-2.1,-2.81,0.53,-1.87,-1.62,1.68,-0.6,-2.02,1.07,1.1400000000000001,-1.12,-1.75,-1.84,-1.73,-2.25,-1.8900000000000001,-1.43,-3.23,-2.73,-1.97,-4.19,-3.37,-3.0500000000000003,-6.1000000000000005,-5.72,-4.12,-6.38,-6.78,-6.25,-8.59,-7.59,-7.21,86.89,95.31,104.56,82.04,94.66,108.94,77.45,97.93,118.72,74.73,102.69,131.51,65.41,97.25,138.31,56.88,90.78,138.19,36.95,73.09,149.55,86.22,90.76,96.2,84.57000000000001,91.15,97.44,83.12,99.32000000000001,166.08,84.07000000000001,134.43,194.8,86.93,167.3,196.59,60.9,173.26,198.54,34.07,181.87,200.92000000000002,85.37,85.49,86.8,81.4,82.37,83.24,,,,50.09,54.64,,38.43,44.9,52.82,19.14,30.76,41.64,12.09,14.31,25.16,1.51,1.5,1.51,1.3800000000000001,1.41,1.3900000000000001,,,,1.01,0.9500000000000001,,0.9500000000000001,0.88,0.89,0.88,0.79,0.8,1.16,0.89,0.76,7.55,7.47,7.46,7.55,7.48,7.5,,,,7.29,7.26,,5.54,5.94,7.7,4.75,4.24,5.2,5.17,4.38,3.94,7.58,7.5600000000000005,7.63,7.640000000000001,7.65,7.7700000000000005,7.7,8.16,11.48,7.76,9.81,14.790000000000001,7.87,11.56,14.52,5.7,12.16,14.31,5.34,9.55,14.17
2019-01-22 18:00:00,6.37,6.9,7.5,6.47,7.19,7.94,6.58,7.5200000000000005,8.42,6.59,7.7700000000000005,8.77,6.2,7.49,8.86,5.84,7.1000000000000005,8.5,5.5600000000000005,6.75,8.08,1.47,1.57,1.6600000000000001,1.29,1.43,1.55,1.1300000000000001,1.3,1.44,1.03,1.21,1.35,1.1,1.21,1.3,1.2,1.26,1.31,1.59,1.34,1.36,-4.78,-4.94,-4.94,-4.04,-4.19,-4.2,-1.74,-2.91,-3.38,0.46,-0.85,-2.1,0.9,-0.06,-0.23,0.52,0.14,0.74,-1.51,0.33,1.1300000000000001,-0.58,-0.54,-0.67,-1.1300000000000001,-0.12,0.58,-3.16,-2.64,-1.3,-3.12,-3.36,-3.34,-5.98,-4.82,-4.32,-8.11,-6.44,-5.5,-11.05,-8.03,-6.86,85.59,94.31,104.64,81.37,93.78,108.69,77.22,95.27,115.81,75.41,98.88,124.84,65.94,92.09,131.23,50.120000000000005,76.74,127.67,25.8,45.550000000000004,118.87,86.28,91.23,96.02,84.03,90.56,106.75,82.53,90.12,182.15,82.88,106.43,195.18,86.79,127.88000000000001,197.11,71.32000000000001,140.19,198.83,21.63,130.29,200.59,,,,,,,,,,,,,29.38,36.43,,23.05,26.27,31.580000000000002,18.18,12.39,19.81,,,,,,,,,,,,,0.86,0.86,,1.02,0.84,0.8,1.46,0.99,0.8200000000000001,,,,,,,,,,,,,4.8100000000000005,5.44,,4.8,4.49,5.29,5.17,4.57,4.25,7.57,7.6000000000000005,7.69,7.63,7.68,8.46,7.7,7.7700000000000005,12.780000000000001,7.7700000000000005,8.78,14.39,8.05,9.9,14.19,6.7,10.34,13.93,5.15,7.69,13.64
2019-01-22 21:00:00,6.45,6.96,7.55,6.54,7.17,7.88,6.62,7.390000000000001,8.22,6.63,7.58,8.45,6.0200000000000005,7.32,8.52,5.54,6.58,8.1,5.54,6.22,7.49,1.43,1.52,1.61,1.26,1.3900000000000001,1.5,1.11,1.26,1.3800000000000001,1.01,1.17,1.29,1.09,1.16,1.23,1.26,1.3,1.26,1.59,1.42,1.34,-5.21,-5.2,-5.44,-3.33,-4.23,-4.67,-0.86,-2.54,-3.11,1.16,-0.77,-1.53,1.52,0.27,-0.28,2.77,0.04,0.32,2.29,0.35000000000000003,0.29,-1.55,-1.31,-1.1,-2.1,-1.76,-1.29,-2.67,-2.17,-1.62,-3.72,-3.79,-3.15,-7.25,-5.6000000000000005,-4.92,-8.89,-8.46,-6.640000000000001,-9.59,-9.23,-8.040000000000001,84.61,93.33,104.34,80.89,92.21000000000001,106.73,76.95,92.29,111.17,75.27,94.15,116.7,59.92,86.99,121.55,35.7,57.47,113.22,17.25,27.810000000000002,76.57000000000001,86.42,91.21000000000001,95.61,83.99,89.32000000000001,93.53,81.83,87.82000000000001,121.43,81.79,92.29,148.22,89.61,105.15,155.92000000000002,55.800000000000004,97.62,160.58,15.9,39.89,178.27,84.48,,86.23,,,,,,,,,,16.9,29.29,,1.86,19.34,33.910000000000004,10.97,10.19,14.96,1.48,,1.44,,,,,,,,,,0.8,0.86,,0.97,0.98,0.87,1.46,1.1400000000000001,0.91,7.58,,7.54,,,,,,,,,,4.79,5.96,,4.21,5.16,6.96,5.3500000000000005,4.7,4.91,7.61,7.66,7.72,7.65,7.75,7.8500000000000005,7.72,7.87,9.370000000000001,7.84,8.290000000000001,10.64,8.370000000000001,8.85,10.84,6.15,7.42,10.85,5.33,5.71,11.55
2019-01-23 00:00:00,6.51,6.95,7.49,6.59,7.1000000000000005,7.72,6.67,7.28,7.98,6.58,7.37,8.14,5.9,7.0200000000000005,8.09,5.57,6.37,7.65,5.67,6.13,7.17,1.3800000000000001,1.47,1.54,1.23,1.34,1.43,1.09,1.22,1.32,1.0,1.1400000000000001,1.24,1.1,1.1500000000000001,1.19,1.25,1.3,1.22,1.44,1.42,1.31,-4.58,-4.58,-4.72,-3.02,-3.64,-3.77,-0.25,-1.72,-2.48,2.04,0.72,-0.63,1.83,2.12,1.1400000000000001,1.2,2.08,2.42,0.18,1.6300000000000001,3.2,-1.08,-1.28,-1.7,-1.3800000000000001,-1.17,-0.9400000000000001,-2.29,-2.5,-2.12,-4.26,-4.3100000000000005,-4.0200000000000005,-7.18,-6.07,-5.46,-7.82,-7.12,-6.18,-7.3500000000000005,-7.21,-6.25,83.81,92.10000000000001,103.0,80.52,90.3,103.62,76.8,89.64,105.94,72.93,88.88,108.60000000000001,54.02,77.13,109.13,34.71,46.230000000000004,94.55,20.76,22.46,50.04,86.4,90.85000000000001,95.22,84.0,88.04,92.16,81.21000000000001,86.94,91.63,81.83,92.67,100.95,74.02,103.88,115.67,46.64,83.44,121.03,21.48,20.6,136.55,,,,,,,,,,346.90000000000003,340.78000000000003,,354.13,346.17,,8.700000000000001,0.59,355.79,13.36,8.290000000000001,1.3,,,,,,,,,,0.48,0.37,,0.63,0.56,,1.0,0.9,0.67,1.32,1.19,0.88,,,,,,,,,,3.19,2.83,,3.58,3.41,,4.61,4.3,3.77,5.43,5.0,4.3500000000000005,7.67,7.71,7.73,7.71,7.8100000000000005,7.86,7.8,8.02,8.1,8.0,8.46,8.6,7.03,8.82,8.870000000000001,5.7700000000000005,7.0200000000000005,8.98,5.43,5.32,9.540000000000001
2019-01-23 03:00:00,6.57,6.91,7.37,6.65,7.04,7.55,6.66,7.21,7.78,6.2700000000000005,7.2,7.92,5.49,6.79,7.84,5.55,6.29,7.47,5.8500000000000005,6.13,7.07,1.34,1.4000000000000001,1.47,1.2,1.3,1.37,1.08,1.18,1.27,1.04,1.11,1.19,1.2,1.1400000000000001,1.1500000000000001,1.23,1.26,1.18,1.31,1.3900000000000001,1.26,-3.79,-3.68,-3.94,-2.66,-2.7,-2.96,-1.26,-0.91,-1.22,-0.26,0.86,0.33,-2.64,1.11,1.4000000000000001,-2.77,0.53,1.85,-0.9500000000000001,0.6,1.8800000000000001,-1.82,-1.92,-1.6600000000000001,-1.68,-1.61,-1.9000000000000001,-3.46,-2.5300000000000002,-1.82,-6.47,-4.41,-3.0,-8.45,-6.11,-4.22,-7.05,-7.26,-5.19,-5.84,-7.55,-6.24,83.26,90.95,101.35000000000001,80.3,88.7,100.48,75.93,87.56,101.60000000000001,65.86,84.25,102.60000000000001,46.24,68.28,101.09,40.480000000000004,39.6,86.38,30.76,19.52,43.15,86.28,90.67,95.08,83.64,87.22,91.33,80.75,86.53,91.0,82.03,90.4,96.55,72.8,100.11,110.06,47.34,80.5,118.64,27.69,27.400000000000002,123.71000000000001,,,,,,,,,,7.01,345.45,,22.7,347.58,,27.98,354.6,347.61,15.780000000000001,2.89,350.76,,,,,,,,,,0.56,0.5,,0.9500000000000001,0.65,,1.08,0.88,0.64,1.19,1.1400000000000001,0.8200000000000001,,,,,,,,,,3.19,3.25,,5.01,3.7,,5.48,4.39,3.89,5.41,5.07,4.38,7.73,7.75,7.74,7.79,7.87,7.87,7.92,8.11,8.14,8.14,8.46,8.51,7.12,8.74,8.74,5.9,7.01,8.86,5.48,5.73,9.02
2019-01-23 06:00:00,6.61,6.87,7.2700000000000005,6.61,6.98,7.4,6.38,7.13,7.62,5.8,6.99,7.7700000000000005,5.4,6.5200000000000005,7.69,5.64,6.21,7.32,6.0200000000000005,6.140000000000001,6.98,1.29,1.34,1.3900000000000001,1.18,1.25,1.31,1.1,1.1500000000000001,1.21,1.1400000000000001,1.11,1.1500000000000001,1.31,1.16,1.12,1.21,1.24,1.1500000000000001,1.22,1.33,1.23,-3.94,-3.48,-3.5300000000000002,-3.3200000000000003,-2.83,-2.68,-2.75,-1.68,-1.3800000000000001,-2.4,-1.06,-0.19,-2.68,-1.1500000000000001,0.14,-2.44,-0.9500000000000001,0.52,-1.85,0.21,1.27,-1.36,-0.9400000000000001,-0.44,-3.58,-2.42,-1.79,-5.74,-3.34,-2.11,-7.95,-5.26,-2.62,-8.76,-7.03,-4.2700000000000005,-6.62,-7.23,-5.8100000000000005,-4.72,-6.95,-6.3100000000000005,82.98,90.23,100.02,79.4,87.37,97.93,71.71000000000001,85.73,98.37,57.56,79.07000000000001,98.95,43.88,60.99,96.72,45.550000000000004,37.21,80.74,40.37,18.7,38.9,86.47,90.77,94.91,83.52,86.99,91.0,81.07000000000001,86.49,92.45,71.3,90.43,97.4,42.84,93.37,99.97,60.72,86.65,107.32000000000001,41.02,36.01,121.19,,,,,,,35.75,,,22.330000000000002,1.17,,29.34,350.91,307.63,31.57,354.39,329.79,23.67,358.5,343.02,,,,,,,0.7000000000000001,,,0.71,0.55,,1.11,0.65,0.28,1.03,0.88,0.49,1.08,1.07,0.77,,,,,,,4.79,,,3.67,3.3200000000000003,,4.8100000000000005,3.74,3.15,5.15,4.43,3.62,5.48,5.04,4.3500000000000005,7.78,7.7700000000000005,7.74,7.8500000000000005,7.9,7.9,8.01,8.14,8.16,7.0600000000000005,8.39,8.42,5.43,8.6,8.58,6.46,7.47,8.71,5.92,6.04,8.91
2019-01-23 09:00:00,6.58,6.8100000000000005,7.16,6.44,6.890000000000001,7.29,5.95,6.79,7.47,5.76,6.55,7.5200000000000005,5.53,6.29,7.43,5.83,6.15,7.24,6.18,6.19,6.98,1.25,1.29,1.32,1.17,1.21,1.25,1.18,1.1500000000000001,1.17,1.16,1.1400000000000001,1.12,1.33,1.18,1.11,1.17,1.23,1.1300000000000001,1.1400000000000001,1.27,1.19,-4.49,-4.48,-4.44,-3.5700000000000003,-3.4,-3.15,-2.59,-2.75,-2.27,0.03,-1.28,-2.37,1.8800000000000001,-0.47000000000000003,-2.21,1.09,-1.35,-0.76,1.77,-1.23,0.1,-2.45,-1.62,-0.87,-4.74,-3.1,-2.05,-7.38,-5.63,-3.42,-5.8,-6.92,-4.64,-7.71,-7.08,-5.19,-5.07,-6.9,-4.99,-1.86,-6.08,-4.9,82.71000000000001,89.7,98.79,76.96000000000001,85.97,96.08,64.12,80.06,95.51,54.68,69.84,93.97,38.74,53.86,90.65,47.84,38.46,78.43,47.14,22.91,40.550000000000004,86.93,90.91,94.54,83.74,87.27,91.10000000000001,81.18,86.9,94.56,83.13,90.64,98.03,57.14,91.82000000000001,99.47,62.85,80.58,101.2,53.42,34.25,116.31,,,,56.18,,,33.11,38.480000000000004,,19.44,16.740000000000002,59.39,10.19,0.7000000000000001,28.42,10.27,356.96,330.27,336.51,357.7,338.78000000000003,,,,0.9,,,0.76,0.6900000000000001,,0.86,0.6,0.89,1.18,0.73,0.7000000000000001,0.98,0.87,0.52,0.55,0.98,0.71,,,,6.3500000000000005,,,4.45,4.97,,4.2,3.8000000000000003,7.7,4.93,3.9,6.25,4.95,4.46,3.84,4.39,4.95,4.4,7.8100000000000005,7.79,7.76,7.9,7.930000000000001,7.94,8.05,8.13,8.18,8.22,8.32,8.34,6.5,8.47,8.46,6.57,7.36,8.58,6.29,5.94,8.82
2019-01-23 12:00:00,6.49,6.71,7.0200000000000005,6.34,6.78,7.15,5.95,6.68,7.3,5.79,6.38,7.36,5.88,6.26,7.23,6.0600000000000005,6.19,7.1000000000000005,6.1000000000000005,6.28,7.0200000000000005,1.22,1.24,1.27,1.1500000000000001,1.17,1.2,1.17,1.1400000000000001,1.1400000000000001,1.1300000000000001,1.1500000000000001,1.1,1.17,1.17,1.09,1.11,1.2,1.11,1.11,1.21,1.16,-4.14,-4.49,-4.99,-2.59,-2.87,-3.61,-1.1400000000000001,-1.1400000000000001,-1.49,1.18,0.03,0.25,2.5100000000000002,0.96,0.53,1.24,2.22,0.48,3.0500000000000003,2.1,0.8200000000000001,-3.68,-2.72,-1.79,-5.22,-4.14,-3.2600000000000002,-5.79,-4.82,-4.3,-6.140000000000001,-5.86,-4.46,-2.75,-5.58,-5.13,0.45,-5.63,-5.74,4.8500000000000005,-4.86,-4.72,81.72,88.69,97.13,75.39,84.44,94.14,63.08,77.75,92.59,54.09,65.58,90.74,44.43,51.44,85.63,52.26,37.76,74.21000000000001,59.69,27.63,44.32,87.44,90.93,93.99,84.26,87.82000000000001,91.42,81.64,87.62,95.45,82.88,91.12,98.42,56.13,91.9,99.07000000000001,72.12,94.19,100.43,108.28,91.74,111.84,,,,,,,52.03,,,24.560000000000002,12.36,,356.59000000000003,350.58,313.25,200.20000000000002,353.61,326.53000000000003,205.17000000000002,350.90000000000003,333.77,,,,,,,1.1400000000000001,,,0.92,0.79,,0.78,0.72,0.33,0.32,0.84,0.48,0.43,0.87,0.64,,,,,,,7.8500000000000005,,,5.96,4.94,,4.45,4.19,3.41,2.25,4.53,3.79,2.75,4.82,4.33,7.84,7.82,7.8,7.92,7.96,8.0,8.05,8.120000000000001,8.18,8.2,8.26,8.290000000000001,6.59,8.39,8.38,7.23,8.55,8.51,8.81,7.58,8.77
2019-01-23 15:00:00,6.46,6.66,6.95,6.36,6.72,7.09,6.09,6.71,7.25,5.94,6.48,7.36,6.05,6.3500000000000005,7.26,5.97,6.3500000000000005,7.11,5.84,6.46,7.09,1.18,1.2,1.22,1.11,1.1400000000000001,1.16,1.1,1.09,1.1,1.07,1.11,1.06,1.06,1.1300000000000001,1.06,1.08,1.1500000000000001,1.09,1.16,1.1500000000000001,1.12,-2.84,-3.27,-3.39,-0.66,-1.75,-2.56,1.98,-0.34,-1.01,3.61,0.77,-0.23,2.13,0.98,-0.12,1.78,0.42,0.62,3.21,-0.09,1.45,-3.88,-3.0300000000000002,-1.98,-4.43,-3.95,-2.8000000000000003,-4.5,-4.38,-2.66,-2.74,-4.3100000000000005,-2.94,1.31,-4.41,-3.0100000000000002,5.5600000000000005,-3.71,-3.17,5.87,-2.59,-3.48,80.96000000000001,87.62,95.76,75.22,83.34,92.96000000000001,65.22,78.17,91.61,56.910000000000004,67.56,90.65,55.77,54.21,85.88,67.64,41.9,74.38,96.24000000000001,35.17,50.120000000000005,87.79,90.83,93.41,84.95,88.41,91.75,81.68,87.89,93.45,82.84,91.31,98.69,87.36,92.75,99.05,91.3,95.88,100.84,103.2,109.03,114.04,,,,,,,,,,,,,195.88,341.32,,200.5,345.7,326.07,213.31,,325.41,,,,,,,,,,,,,0.32,0.64,,0.44,0.71,0.54,0.58,,0.6,,,,,,,,,,,,,2.2800000000000002,4.2700000000000005,,3.0300000000000002,4.41,4.08,3.69,,4.39,7.87,7.8500000000000005,7.86,7.94,7.99,8.03,8.040000000000001,8.11,8.15,8.17,8.22,8.23,8.38,8.34,8.32,8.51,8.49,8.46,8.68,8.69,8.73
2019-01-23 18:00:00,6.51,6.69,6.96,6.45,6.75,7.1000000000000005,6.28,6.8,7.26,6.17,6.62,7.390000000000001,5.97,6.48,7.33,5.65,6.51,7.18,5.71,6.61,7.22,1.1300000000000001,1.1500000000000001,1.17,1.06,1.09,1.11,1.03,1.05,1.06,1.01,1.06,1.03,1.03,1.09,1.03,1.12,1.1,1.06,1.22,1.1,1.08,-2.18,-3.06,-3.45,-0.2,-1.58,-2.58,0.9500000000000001,0.01,-1.67,1.41,0.84,-0.49,0.26,0.5700000000000001,-0.16,1.42,0.33,-0.56,3.21,-0.1,-0.8,-2.33,-1.85,-1.3900000000000001,-2.96,-2.72,-1.79,-2.12,-2.45,-1.72,-0.65,-2.92,-2.04,4.53,-3.6,-2.88,7.0600000000000005,-3.19,-3.88,6.24,-2.5100000000000002,-3.04,81.25,87.43,94.95,76.29,83.42,92.84,68.59,79.62,91.79,62.28,71.22,91.27,74.44,59.69,87.33,100.83,48.93,77.23,133.61,44.0,62.01,87.88,90.63,93.03,85.58,88.87,91.98,82.60000000000001,87.3,91.4,83.91,90.88,95.02,89.05,94.41,99.64,93.34,98.46000000000001,102.35000000000001,127.72,108.14,117.36,,,,,,,,,,,,,187.75,337.84000000000003,,197.89000000000001,342.40000000000003,325.56,209.86,342.29,329.09000000000003,,,,,,,,,,,,,0.52,0.5700000000000001,,0.63,0.65,0.54,0.84,0.68,0.58,,,,,,,,,,,,,3.0500000000000003,4.28,,3.5700000000000003,4.57,4.3,4.28,4.68,4.38,7.890000000000001,7.890000000000001,7.9,7.96,8.01,8.03,8.03,8.1,8.1,8.14,8.19,8.16,8.33,8.3,8.27,8.44,8.45,8.43,6.82,8.61,8.700000000000001
2019-01-23 21:00:00,6.58,6.73,6.95,6.55,6.8100000000000005,7.140000000000001,6.45,6.88,7.29,6.38,6.75,7.41,5.86,6.62,7.390000000000001,5.42,6.61,7.29,5.72,6.73,7.390000000000001,1.08,1.11,1.1300000000000001,1.02,1.05,1.07,0.97,1.01,1.03,0.9400000000000001,1.01,1.0,1.04,1.04,1.0,1.2,1.07,1.03,1.27,1.08,1.05,-3.2600000000000002,-3.95,-4.13,-1.29,-2.77,-3.25,0.89,-1.29,-2.45,1.36,-0.64,-1.95,-0.79,-0.86,-1.84,1.54,-0.73,-1.21,1.99,-1.46,-0.89,-1.0,-0.3,0.4,-0.65,-0.99,-0.27,-1.9000000000000001,-2.89,-1.6,0.07,-3.45,-2.5100000000000002,5.88,-2.66,-2.75,7.930000000000001,-1.43,-3.12,6.44,-1.29,-2.93,81.78,87.61,94.60000000000001,77.59,84.07000000000001,93.14,71.5,81.04,92.28,67.19,74.74,91.83,94.69,66.28,88.83,148.52,58.96,81.05,170.18,56.17,76.24,87.81,90.47,92.97,86.07000000000001,89.16,92.16,83.52,88.07000000000001,91.81,84.06,90.63,91.59,90.92,96.71000000000001,98.19,122.65,101.39,104.65,158.54,108.15,116.95,,,,,,,,,,,,,182.16,,,195.67000000000002,281.88,,207.54,341.61,,,,,,,,,,,,,,0.6,,,0.88,0.49,,0.96,0.62,,,,,,,,,,,,,,3.47,,,4.26,4.2700000000000005,,4.8500000000000005,4.6000000000000005,,7.9,7.92,7.9,7.97,8.01,7.99,8.03,8.08,8.040000000000001,8.120000000000001,8.15,8.1,8.290000000000001,8.27,8.22,6.57,8.4,8.4,5.99,8.53,8.65
2019-01-24 00:00:00,6.62,6.75,6.94,6.63,6.87,7.17,6.58,6.93,7.33,6.53,6.84,7.42,5.73,6.71,7.43,5.49,6.65,7.43,5.99,6.8100000000000005,7.6000000000000005,1.05,1.08,1.1,0.98,1.02,1.04,0.93,0.98,1.0,0.9,0.98,0.98,1.08,1.01,0.99,1.23,1.06,1.01,1.24,1.09,1.03,-3.7,-3.7600000000000002,-4.05,-2.13,-2.81,-2.87,1.02,-1.41,-2.46,0.73,-0.6,-2.14,-0.2,-1.1400000000000001,-1.9000000000000001,1.97,-1.32,-1.49,0.29,-2.67,-0.49,-0.1,-0.1,-0.05,-1.16,-0.91,0.23,-0.62,-2.88,-1.11,1.84,-3.42,-2.79,6.4,-2.92,-3.33,6.92,-2.19,-3.35,4.76,-1.87,-2.84,82.28,87.87,94.65,78.69,84.91,93.73,73.71000000000001,82.18,92.99,72.22,77.58,92.27,117.33,73.77,90.32000000000001,163.25,76.24,86.16,171.99,85.43,89.25,87.69,90.5,93.26,86.41,89.36,92.4,84.33,88.67,92.02,85.25,90.41,92.0,92.67,98.29,99.83,167.02,103.99000000000001,107.59,187.56,109.76,125.10000000000001,,,,,,,,,,179.03,,,184.41,344.63,,196.57,349.59000000000003,,203.15,350.41,,,,,,,,,,,0.26,,,0.64,0.48,,0.9400000000000001,0.54,,0.96,0.58,,,,,,,,,,,3.18,,,3.99,4.2,,4.75,4.59,,5.12,4.76,,7.92,7.92,7.87,7.97,7.99,7.94,8.03,8.05,7.99,8.09,8.120000000000001,8.06,8.25,8.23,8.19,5.73,8.35,8.370000000000001,5.58,8.42,9.08
2019-01-24 03:00:00,6.59,6.76,6.94,6.68,6.92,7.21,6.69,7.0,7.37,6.51,6.93,7.46,5.67,6.71,7.5,5.79,6.63,7.6000000000000005,6.46,6.92,7.8500000000000005,1.02,1.05,1.06,0.9500000000000001,0.99,1.01,0.89,0.96,0.98,0.88,0.96,0.96,1.11,1.01,0.97,1.1500000000000001,1.08,0.99,1.2,1.1400000000000001,1.02,-4.5600000000000005,-4.12,-3.59,-2.7600000000000002,-3.12,-2.57,-1.05,-1.21,-2.49,-2.0,-0.33,-1.9000000000000001,-1.29,-1.18,-1.33,-0.31,-1.8,-1.1400000000000001,-1.8800000000000001,-3.19,-0.68,0.41000000000000003,0.98,1.3,-1.33,-0.9,0.43,-1.23,-2.58,-1.17,1.5,-3.65,-2.59,6.22,-3.48,-3.31,5.12,-3.21,-3.35,2.38,-3.0,-2.31,82.93,88.36,95.19,79.60000000000001,85.85000000000001,94.51,75.41,83.64,94.0,79.21000000000001,80.54,93.34,132.16,83.5,92.44,158.19,95.60000000000001,92.28,165.8,127.19,112.27,87.72,90.81,93.99,86.65,89.65,92.82000000000001,84.98,89.25,92.28,85.12,89.96000000000001,92.57000000000001,110.9,98.60000000000001,98.17,144.11,105.53,110.38,140.59,127.21000000000001,170.39000000000001,,,,,,,,,,141.57,,,185.15,5.42,332.36,191.83,356.0,336.36,192.89000000000001,358.21,,,,,,,,,,,0.33,,,0.74,0.55,0.35000000000000003,0.87,0.51,0.39,0.86,0.54,,,,,,,,,,,2.86,,,4.53,5.05,4.03,5.03,4.49,4.17,5.3100000000000005,4.75,,7.92,7.9,7.82,7.97,7.95,7.88,8.01,8.02,7.94,8.06,8.09,8.02,7.0200000000000005,8.19,8.16,6.26,8.27,8.34,7.390000000000001,8.38,10.99
2019-01-24 06:00:00,6.51,6.69,6.890000000000001,6.68,6.96,7.23,6.73,7.09,7.42,6.47,7.01,7.5600000000000005,5.86,6.73,7.66,6.23,6.76,7.8500000000000005,7.0600000000000005,7.26,8.17,1.0,1.02,1.04,0.92,0.96,0.98,0.87,0.93,0.9500000000000001,0.88,0.9400000000000001,0.9400000000000001,1.07,1.02,0.9500000000000001,1.07,1.1,0.98,1.24,1.25,1.09,-4.94,-4.73,-4.4,-3.5300000000000002,-3.37,-3.39,-2.2800000000000002,-1.87,-2.82,-2.88,-1.1300000000000001,-1.58,-3.18,-1.52,-1.27,-2.97,-2.38,-1.58,-3.7,-3.72,-1.7,0.42,1.16,1.74,-1.6400000000000001,-0.56,0.59,-2.56,-2.13,-0.61,-0.17,-3.43,-1.86,3.25,-3.85,-2.52,2.8000000000000003,-3.8000000000000003,-2.06,1.03,-2.82,-0.9,83.72,89.4,96.49000000000001,80.25,87.01,95.57000000000001,76.64,85.43,95.43,85.24,84.9,95.52,130.97,94.4,96.35000000000001,146.96,115.2,103.73,163.39000000000001,157.17000000000002,148.79,88.04,91.39,95.26,86.94,90.16,93.64,85.46000000000001,89.99,92.9,85.93,91.17,93.51,90.13,95.7,99.87,99.72,111.55,136.01,151.55,166.3,194.15,,,,,,,57.15,,,79.09,,,168.56,2.5500000000000003,,168.56,14.56,,68.56,28.23,,,,,,,,0.17,,,0.22,,,0.73,0.52,,0.73,0.5700000000000001,,0.66,0.61,,,,,,,,2.04,,,2.22,,,5.09,5.21,,5.09,5.34,,7.59,5.93,,7.9,7.86,7.75,7.94,7.91,7.82,7.98,7.98,7.890000000000001,8.02,8.05,7.99,8.120000000000001,8.13,8.13,8.02,8.47,9.370000000000001,7.62,9.42,12.75
2019-01-24 09:00:00,6.37,6.55,6.7700000000000005,6.62,6.95,7.18,6.640000000000001,7.15,7.46,6.47,7.04,7.69,6.23,6.8100000000000005,7.86,6.82,7.12,8.18,7.6000000000000005,7.82,8.57,1.0,1.01,1.02,0.91,0.9500000000000001,0.96,0.86,0.91,0.9400000000000001,0.87,0.9400000000000001,0.93,1.0,1.04,0.9500000000000001,1.06,1.16,1.02,1.3800000000000001,1.42,1.29,-5.53,-5.36,-5.08,-4.2,-4.08,-4.25,-2.59,-3.0,-3.6,-2.16,-2.46,-2.88,-3.29,-2.74,-2.65,-3.2800000000000002,-3.15,-2.75,-4.69,-3.97,-2.65,0.16,0.74,1.3800000000000001,-1.22,-0.01,0.86,-3.43,-1.58,0.03,-3.13,-3.24,-0.8200000000000001,-1.98,-4.01,-1.81,-1.52,-3.99,-2.21,-2.56,-3.1,-1.51,84.37,90.57000000000001,97.95,80.82000000000001,88.42,97.02,77.19,87.38,97.28,87.23,90.23,98.65,120.58,105.28,103.56,140.4,138.96,130.27,163.53,173.36,176.68,88.59,92.31,96.82000000000001,87.38,91.05,94.99,85.86,90.99,94.17,86.36,92.16,94.87,90.4,94.54,107.68,113.62,145.96,181.36,161.11,183.36,193.09,89.68,86.9,89.64,,,98.96000000000001,34.230000000000004,,96.23,26.93,30.57,,,50.730000000000004,,59.7,35.550000000000004,,60.050000000000004,38.52,,0.8,1.01,0.98,,,0.17,0.16,,0.17,0.16,0.28,,,0.63,,0.7000000000000001,0.65,,0.73,0.68,,6.15,7.72,7.5200000000000005,,,2.0100000000000002,1.9000000000000001,,2.06,1.8800000000000001,2.5100000000000002,,,6.0600000000000005,,7.46,6.29,,7.640000000000001,6.45,,7.87,7.8,7.69,7.91,7.86,7.7700000000000005,7.94,7.930000000000001,7.86,7.97,8.0,7.96,8.02,8.040000000000001,8.61,7.86,9.53,11.67,7.71,10.81,12.38
2019-01-24 12:00:00,6.22,6.4,6.62,6.51,6.86,7.04,6.53,7.140000000000001,7.42,6.44,7.11,7.7700000000000005,6.53,7.12,8.120000000000001,7.36,7.7,8.540000000000001,7.96,8.34,8.91,0.99,1.01,1.02,0.9,0.9400000000000001,0.96,0.86,0.91,0.93,0.87,0.9500000000000001,0.93,0.99,1.07,0.98,1.1300000000000001,1.28,1.17,1.53,1.6,1.55,-5.53,-5.61,-5.46,-4.63,-4.78,-4.91,-2.67,-3.85,-4.5200000000000005,-0.91,-2.7800000000000002,-3.88,-1.84,-2.64,-3.24,-1.78,-2.86,-2.84,-2.91,-2.91,-1.92,-0.09,0.91,1.42,-1.24,0.18,1.33,-3.44,-1.77,-0.37,-4.3100000000000005,-3.22,-1.78,-4.58,-4.07,-2.4,-3.93,-4.26,-3.22,-5.0200000000000005,-4.23,-3.27,84.64,91.54,99.07000000000001,81.51,89.99,98.98,77.88,89.71000000000001,99.26,85.52,97.4,102.72,110.56,120.64,119.54,141.86,158.33,159.81,164.76,178.3,185.81,89.28,93.59,97.26,87.94,92.41,96.75,86.25,92.25,96.01,86.59,92.88,96.23,96.29,134.69,163.87,134.03,188.07,191.54,176.45000000000002,188.99,192.12,84.97,87.37,95.7,,,103.31,26.91,66.33,83.24,28.84,62.02,71.97,45.17,45.34,,56.980000000000004,47.37,342.14,55.68,25.35,339.06,1.04,0.99,0.76,,,0.28,0.25,0.16,0.2,0.29,0.16,0.18,0.52,0.63,,0.6900000000000001,0.74,0.3,0.75,0.5700000000000001,0.3,7.79,7.640000000000001,5.87,,,2.48,2.46,1.93,2.12,2.59,1.9000000000000001,2.0100000000000002,4.5600000000000005,5.64,,6.38,7.01,4.19,6.8100000000000005,5.4,4.2700000000000005,7.83,7.74,7.67,7.86,7.8100000000000005,7.75,7.890000000000001,7.87,7.84,7.92,7.930000000000001,7.930000000000001,7.92,9.53,10.66,8.31,12.34,12.47,9.84,11.61,11.85
2019-01-24 15:00:00,6.13,6.32,6.53,6.49,6.8,6.92,6.58,7.18,7.45,6.59,7.38,7.96,7.0600000000000005,7.74,8.49,7.82,8.31,8.9,8.14,8.66,9.09,0.98,1.0,1.01,0.88,0.93,0.97,0.84,0.91,0.9400000000000001,0.86,0.97,0.96,1.03,1.1400000000000001,1.09,1.24,1.43,1.3900000000000001,1.6,1.71,1.74,-5.13,-5.46,-5.46,-3.74,-4.71,-5.33,-2.0,-3.7600000000000002,-4.49,-0.14,-2.43,-3.27,0.63,-1.35,-1.58,0.45,-0.9500000000000001,-0.28,-0.88,-0.8200000000000001,0.5700000000000001,-0.98,-0.31,0.55,-1.1300000000000001,-0.51,0.08,-2.13,-0.91,-0.5700000000000001,-3.49,-2.7600000000000002,-2.41,-4.26,-4.18,-3.84,-4.3500000000000005,-4.73,-4.22,-6.07,-4.91,-3.96,84.38,91.79,99.54,82.25,91.3,100.41,80.26,93.94,102.11,86.42,109.44,111.83,116.12,142.33,144.71,149.28,170.94,177.73,165.67000000000002,179.62,186.8,90.10000000000001,94.49,99.92,88.62,94.16,98.62,86.65,93.61,97.86,87.39,110.13,162.68,120.61,180.11,189.95000000000002,166.16,187.88,190.59,183.15,188.19,191.31,84.16,86.87,89.9,,,90.27,,,94.06,22.98,,,22.98,58.49,349.21,44.45,56.06,350.38,45.43,44.02,345.88,1.0,0.98,0.9400000000000001,,,0.6900000000000001,,,0.33,0.38,,,0.38,0.8200000000000001,0.26,0.68,0.8200000000000001,0.3,0.77,0.72,0.32,7.73,7.58,7.49,,,5.95,,,2.77,3.12,,,3.12,7.79,3.79,5.78,7.84,4.0200000000000005,5.96,6.84,4.36,7.7700000000000005,7.68,7.7,7.8100000000000005,7.76,7.7700000000000005,7.84,7.82,7.84,7.86,8.59,10.65,8.620000000000001,11.68,12.57,9.98,11.8,11.98,10.64,10.97,11.25
2019-01-24 18:00:00,6.1000000000000005,6.3,6.5,6.5,6.82,6.98,6.72,7.42,7.72,6.95,7.930000000000001,8.44,7.71,8.4,8.950000000000001,8.16,8.700000000000001,9.15,8.28,8.870000000000001,9.23,0.96,0.99,1.02,0.86,0.93,0.97,0.8200000000000001,0.92,0.9500000000000001,0.85,1.02,1.03,1.09,1.26,1.26,1.31,1.55,1.59,1.6,1.74,1.83,-4.89,-5.38,-5.58,-4.09,-4.7700000000000005,-4.91,-2.59,-3.54,-3.94,-0.72,-2.14,-2.34,0.84,-0.93,-0.48,1.1400000000000001,-0.31,0.91,0.14,-0.11,1.48,0.05,0.5700000000000001,0.68,-0.45,0.03,0.05,-0.67,-0.25,-0.67,-2.14,-1.76,-1.54,-3.38,-3.7800000000000002,-3.12,-4.04,-4.78,-3.81,-5.87,-4.8500000000000005,-3.48,84.3,92.17,99.97,83.29,93.29,102.06,83.61,101.96000000000001,108.58,92.97,128.18,131.87,133.1,160.53,166.70000000000002,155.88,175.77,183.21,166.33,179.8,186.1,91.03,96.17,101.37,89.43,95.91,100.22,87.26,110.8,143.59,90.56,177.97,188.4,149.77,186.28,189.52,173.3,186.94,190.04,182.14000000000001,187.59,190.99,84.60000000000001,86.92,91.05,,,89.77,,,,,,,,16.69,,25.76,40.13,347.69,30.69,38.34,345.87,1.0,0.96,0.91,,,0.89,,,,,,,,0.45,,0.6,0.68,0.31,0.6900000000000001,0.7000000000000001,0.31,7.640000000000001,7.51,7.51,,,7.59,,,,,,,,3.68,,3.9,6.45,4.03,4.16,6.53,4.2,7.7,7.67,7.76,7.75,7.74,7.8100000000000005,7.78,8.52,9.75,7.8,11.76,12.65,9.42,11.96,12.1,10.19,11.16,11.41,10.05,10.46,10.77
2019-01-24 21:00:00,6.0600000000000005,6.36,6.5600000000000005,6.48,6.99,7.21,6.8500000000000005,7.8100000000000005,8.16,7.33,8.51,8.96,8.18,8.84,9.27,8.4,8.950000000000001,9.34,8.44,9.05,9.42,0.9500000000000001,0.99,1.02,0.85,0.9400000000000001,0.99,0.8200000000000001,0.96,1.01,0.87,1.12,1.16,1.1500000000000001,1.3900000000000001,1.44,1.33,1.61,1.7,1.57,1.74,1.85,-5.13,-5.22,-5.54,-4.44,-4.59,-5.11,-3.66,-4.05,-4.46,-1.87,-3.17,-3.04,0.72,-2.05,-1.25,1.02,-1.19,0.27,-0.19,-0.54,1.16,0.8,0.6900000000000001,0.41000000000000003,0.22,0.56,0.42,-1.21,-0.47000000000000003,0.13,-2.43,-1.8900000000000001,-0.73,-3.4,-3.8000000000000003,-2.48,-3.93,-4.8500000000000005,-3.74,-6.140000000000001,-5.59,-4.33,84.92,93.37,101.06,85.04,97.63,106.02,87.73,115.01,121.82000000000001,103.0,147.12,154.19,145.89000000000001,169.25,177.01,158.88,176.94,183.93,166.52,179.45000000000002,185.33,91.31,97.68,102.74000000000001,90.3,104.11,127.04,88.68,157.43,186.64000000000001,105.61,184.93,188.16,170.43,185.83,188.98,173.36,186.23,189.62,180.98,186.98,190.62,84.06,87.56,92.48,,,89.74,,,,,,,,55.980000000000004,,48.88,43.18,,42.7,29.490000000000002,344.08,0.99,0.9500000000000001,0.89,,,0.86,,,,,,,,0.78,,0.81,0.71,,0.81,0.65,0.29,7.54,7.5,7.66,,,7.67,,,,,,,,7.76,,7.82,6.76,,7.140000000000001,5.78,4.22,7.63,7.68,7.8100000000000005,7.69,8.08,9.02,7.72,10.41,12.700000000000001,8.32,12.11,12.22,10.25,11.38,11.56,9.74,10.61,10.89,9.65,10.1,10.44
2019-01-25 00:00:00,6.04,6.55,6.78,6.53,7.37,7.66,6.99,8.27,8.66,7.48,8.86,9.3,8.370000000000001,9.09,9.49,8.5,9.13,9.58,8.5,9.22,9.700000000000001,0.9400000000000001,0.99,1.04,0.85,0.96,1.03,0.8300000000000001,1.04,1.11,0.91,1.25,1.32,1.18,1.47,1.57,1.32,1.6300000000000001,1.74,1.54,1.73,1.85,-5.2,-4.98,-5.15,-4.11,-4.1,-4.45,-2.71,-3.13,-3.9,-1.34,-2.05,-2.93,-0.2,-0.93,-1.34,-0.09,-0.48,0.0,-0.65,-0.8200000000000001,0.01,0.71,0.44,-0.2,-0.17,-0.49,-0.86,-2.64,-2.44,-1.46,-4.59,-4.03,-2.52,-4.9,-4.58,-2.97,-5.34,-5.46,-3.39,-6.5,-5.15,-3.25,85.89,95.59,103.35000000000001,87.47,105.45,113.96000000000001,92.81,131.14000000000001,139.87,110.82000000000001,159.13,168.35,150.8,172.33,180.09,159.0,176.97,183.6,165.06,178.78,184.67000000000002,91.02,105.94,128.53,90.85000000000001,156.08,185.21,100.87,182.56,186.75,143.94,184.59,188.16,171.64000000000001,184.96,188.54,173.85,185.43,189.11,183.84,190.02,192.69,84.26,95.31,94.81,,,91.91,,,,,,,,53.29,,29.41,29.01,,27.54,15.620000000000001,,0.98,0.85,0.87,,,0.85,,,,,,,,0.77,,0.49,0.62,,0.66,0.56,,7.48,7.59,7.71,,,7.73,,,,,,,,7.73,,4.32,5.61,,4.6000000000000005,4.97,,7.58,8.07,9.01,7.640000000000001,10.43,12.73,8.16,12.25,12.32,9.61,11.57,11.700000000000001,9.89,10.790000000000001,11.03,9.43,10.19,10.5,10.94,11.91,12.120000000000001
2019-01-25 03:00:00,6.12,6.9,7.19,6.71,7.88,8.23,7.24,8.74,9.120000000000001,7.55,9.15,9.540000000000001,7.7700000000000005,9.26,9.71,7.76,9.19,9.8,8.02,9.17,9.870000000000001,0.93,1.0,1.07,0.85,1.02,1.09,0.85,1.1500000000000001,1.24,0.9500000000000001,1.34,1.46,1.26,1.51,1.6400000000000001,1.4000000000000001,1.6300000000000001,1.75,1.59,1.72,1.83,-4.69,-4.66,-5.0,-3.62,-3.64,-4.0,-2.59,-2.31,-2.94,-1.72,-1.28,-1.96,-3.17,-0.98,-1.16,-3.88,-0.67,0.21,-3.17,-0.56,0.9400000000000001,-0.28,-0.25,-0.7000000000000001,-0.78,-0.85,-1.34,-1.62,-1.32,-1.01,-3.85,-2.88,-1.26,-7.09,-4.76,-2.54,-7.59,-6.09,-4.42,-7.88,-6.45,-4.45,86.72,99.88,108.33,91.08,117.77,127.32000000000001,99.77,146.82,156.82,116.0,165.77,175.03,140.37,173.3,180.96,142.13,176.27,183.27,151.78,177.43,184.20000000000002,92.02,145.35,184.54,91.95,180.94,185.93,115.26,183.3,187.0,143.29,183.81,187.34,170.1,183.99,187.99,172.9,188.73,191.61,186.14000000000001,192.14000000000001,194.29,82.65,96.03,92.97,,,,,,,19.14,19.96,,29.28,23.87,,34.99,20.95,,26.54,23.31,,0.89,0.8300000000000001,0.89,,,,,,,0.49,0.31,,0.64,0.48,,0.79,0.63,,0.85,0.73,,7.54,7.65,7.7,,,,,,,3.12,2.7600000000000002,,4.45,4.16,,5.07,4.88,,4.0600000000000005,5.8500000000000005,,7.55,9.86,12.790000000000001,7.63,12.35,12.370000000000001,8.63,11.74,11.83,9.290000000000001,11.0,11.18,9.540000000000001,10.32,10.6,9.61,11.98,12.18,12.02,13.040000000000001,13.16
2019-01-25 06:00:00,6.21,7.32,7.7,6.86,8.31,8.73,7.37,9.05,9.44,7.5200000000000005,9.35,9.76,7.3,9.34,9.91,7.04,9.1,9.9,7.2700000000000005,8.88,9.83,0.93,1.04,1.12,0.87,1.1,1.2,0.87,1.24,1.37,0.96,1.3900000000000001,1.54,1.35,1.51,1.6500000000000001,1.53,1.62,1.73,1.7,1.7,1.78,-5.41,-5.01,-5.1000000000000005,-4.89,-4.54,-4.54,-4.14,-3.92,-3.75,-3.16,-2.6,-2.71,-3.5500000000000003,-1.52,-1.81,-4.07,-1.37,-0.54,-3.66,-1.58,0.24,0.54,0.59,0.45,0.0,0.6,0.92,-1.56,-0.59,0.31,-4.15,-3.19,-1.57,-7.5600000000000005,-5.17,-3.14,-8.82,-6.29,-4.22,-9.28,-6.7,-4.63,88.78,107.78,117.82000000000001,96.22,131.88,143.21,105.57000000000001,156.6,167.42000000000002,117.52,168.38,177.69,122.02,173.01,181.08,110.76,174.3,182.88,117.95,174.21,183.65,93.38,173.41,185.31,116.39,181.43,185.99,131.26,182.3,186.56,141.97,182.86,187.05,171.18,186.71,190.72,164.27,190.8,193.27,182.11,192.22,194.81,89.73,97.34,91.15,89.23,,91.31,,,,30.77,,,31.0,9.96,,32.79,6.2,,27.27,3.92,,0.8200000000000001,0.8,0.88,0.77,,0.8,,,,0.45,,,0.8200000000000001,0.46,,1.04,0.58,,1.1300000000000001,0.66,,7.62,7.72,7.68,7.640000000000001,,7.73,,,,3.04,,,3.95,3.12,,4.39,3.5300000000000002,,4.64,3.83,,7.57,11.61,12.43,8.65,11.88,11.91,9.06,11.21,11.33,8.97,10.49,10.73,9.92,11.63,12.24,9.02,13.07,13.17,9.99,12.67,12.780000000000001
2019-01-25 09:00:00,6.24,7.58,8.1,6.82,8.47,8.99,7.12,9.07,9.58,7.24,9.33,9.88,6.97,9.14,9.950000000000001,6.69,8.71,9.81,6.82,8.4,9.57,0.96,1.12,1.21,0.92,1.21,1.33,0.91,1.32,1.47,0.98,1.41,1.57,1.3800000000000001,1.5,1.6300000000000001,1.57,1.6,1.68,1.78,1.67,1.71,-5.93,-6.19,-6.08,-5.19,-5.66,-5.73,-4.24,-5.11,-4.92,-3.44,-4.34,-4.13,-3.8200000000000003,-3.65,-3.23,-3.8000000000000003,-3.0,-2.09,-3.38,-2.52,-1.03,-0.13,0.03,0.7000000000000001,-1.79,-1.05,0.07,-3.64,-1.82,-0.31,-4.94,-3.09,-1.03,-7.95,-5.24,-2.81,-8.69,-6.91,-4.5200000000000005,-9.35,-7.2700000000000005,-5.69,92.09,117.58,129.85,100.02,141.35,154.81,105.66,159.35,171.75,113.11,167.42000000000002,178.21,103.02,169.75,180.55,87.87,168.64000000000001,181.94,83.41,167.17000000000002,182.61,117.56,179.64000000000001,184.96,133.15,180.99,185.32,131.86,181.57,186.21,139.16,184.67000000000002,189.88,160.8,189.45000000000002,192.3,114.56,190.72,193.64000000000001,111.97,192.1,194.83,87.08,87.96000000000001,87.4,80.71000000000001,83.9,84.87,60.88,77.78,85.19,41.92,46.910000000000004,,32.3,31.85,,32.19,17.07,358.59000000000003,27.42,7.640000000000001,12.370000000000001,0.86,0.87,0.91,0.7000000000000001,0.79,0.81,0.4,0.67,0.74,0.43,0.45,,0.92,0.56,,1.16,0.7000000000000001,0.45,1.35,0.78,0.51,7.58,7.640000000000001,7.59,6.8100000000000005,7.69,7.69,3.49,6.99,7.71,2.99,4.0200000000000005,,4.25,4.3500000000000005,,4.78,4.17,3.16,5.13,4.05,4.69,8.63,11.97,11.98,9.19,11.4,11.47,8.85,10.69,10.870000000000001,8.63,11.370000000000001,12.35,8.3,13.1,13.19,7.13,12.69,12.790000000000001,7.5600000000000005,12.3,12.42
2019-01-25 12:00:00,6.25,7.73,8.28,6.7,8.44,9.11,6.74,8.89,9.63,6.8500000000000005,9.05,9.85,6.640000000000001,8.69,9.76,6.42,8.120000000000001,9.46,6.47,7.78,9.09,1.0,1.22,1.34,0.96,1.3,1.44,0.9500000000000001,1.36,1.52,1.0,1.4000000000000001,1.56,1.3800000000000001,1.49,1.59,1.55,1.59,1.62,1.81,1.6500000000000001,1.6400000000000001,-5.72,-6.2700000000000005,-6.75,-5.03,-5.7700000000000005,-5.57,-4.23,-4.78,-4.46,-2.41,-3.73,-3.87,-1.47,-2.9,-3.46,-0.7000000000000001,-1.9100000000000001,-2.48,-0.8200000000000001,-1.03,-1.19,-1.74,-1.2,-0.73,-2.96,-1.87,-1.05,-4.54,-3.46,-1.96,-5.84,-4.91,-2.7,-8.67,-6.5600000000000005,-4.14,-9.32,-7.96,-5.72,-10.35,-8.34,-6.45,94.11,125.04,138.58,100.27,144.85,160.78,100.74000000000001,157.59,173.04,104.64,163.46,177.56,84.94,163.16,178.93,67.34,157.62,179.9,51.910000000000004,152.89000000000001,181.03,132.11,179.06,184.52,127.65,180.4,185.31,118.05,182.1,188.99,132.45,187.27,191.41,172.34,189.29,192.6,144.24,190.65,193.66,108.31,192.18,194.99,82.8,84.7,87.03,71.22,80.79,83.71000000000001,55.11,70.57000000000001,80.51,40.61,53.14,,25.79,26.6,45.34,21.28,13.8,22.75,20.41,6.94,6.22,0.9,0.92,0.9500000000000001,0.71,0.84,0.8200000000000001,0.53,0.66,0.75,0.55,0.55,,0.9500000000000001,0.61,0.53,1.1300000000000001,0.8200000000000001,0.52,1.47,0.93,0.5700000000000001,7.63,7.63,7.47,6.63,7.71,7.62,4.0,6.17,7.66,3.39,4.63,,4.38,3.41,5.2700000000000005,4.82,4.0,4.26,5.36,4.37,4.14,9.25,11.540000000000001,11.56,8.75,10.9,11.01,8.05,10.82,12.47,8.73,12.63,13.25,11.040000000000001,12.71,12.8,7.95,12.32,12.43,7.65,11.9,12.030000000000001
