,swh_p1,swh_p2,swh_p3,swh_p4,swh_p5,swh_p6,swh_p7,swh_p8,swh_p9,swh_p10,swh_p11,swh_p12,swh_p13,swh_p14,swh_p15,swh_p16,swh_p17,swh_p18,swh_p19,swh_p20,swh_p21,mpww_p1,mpww_p2,mpww_p3,mpww_p4,mpww_p5,mpww_p6,mpww_p7,mpww_p8,mpww_p9,mpww_p10,mpww_p11,mpww_p12,mpww_p13,mpww_p14,mpww_p15,mpww_p16,mpww_p17,mpww_p18,mpww_p19,mpww_p20,mpww_p21,dirpw_p1,dirpw_p2,dirpw_p3,dirpw_p4,dirpw_p5,dirpw_p6,dirpw_p7,dirpw_p8,dirpw_p9,dirpw_p10,dirpw_p11,dirpw_p12,dirpw_p13,dirpw_p14,dirpw_p15,dirpw_p16,dirpw_p17,dirpw_p18,dirpw_p19,dirpw_p20,dirpw_p21,v_p1,v_p2,v_p3,v_p4,v_p5,v_p6,v_p7,v_p8,v_p9,v_p10,v_p11,v_p12,v_p13,v_p14,v_p15,v_p16,v_p17,v_p18,v_p19,v_p20,v_p21,wvdir_p1,wvdir_p2,wvdir_p3,wvdir_p4,wvdir_p5,wvdir_p6,wvdir_p7,wvdir_p8,wvdir_p9,wvdir_p10,wvdir_p11,wvdir_p12,wvdir_p13,wvdir_p14,wvdir_p15,wvdir_p16,wvdir_p17,wvdir_p18,wvdir_p19,wvdir_p20,wvdir_p21,persw_p1,persw_p2,persw_p3,persw_p4,persw_p5,persw_p6,persw_p7,persw_p8,persw_p9,persw_p10,persw_p11,persw_p12,persw_p13,persw_p14,persw_p15,persw_p16,persw_p17,persw_p18,persw_p19,persw_p20,persw_p21,u_p1,u_p2,u_p3,u_p4,u_p5,u_p6,u_p7,u_p8,u_p9,u_p10,u_p11,u_p12,u_p13,u_p14,u_p15,u_p16,u_p17,u_p18,u_p19,u_p20,u_p21,perpw_p1,perpw_p2,perpw_p3,perpw_p4,perpw_p5,perpw_p6,perpw_p7,perpw_p8,perpw_p9,perpw_p10,perpw_p11,perpw_p12,perpw_p13,perpw_p14,perpw_p15,perpw_p16,perpw_p17,perpw_p18,perpw_p19,perpw_p20,perpw_p21,dirsw_p1,dirsw_p2,dirsw_p3,dirsw_p4,dirsw_p5,dirsw_p6,dirsw_p7,dirsw_p8,dirsw_p9,dirsw_p10,dirsw_p11,dirsw_p12,dirsw_p13,dirsw_p14,dirsw_p15,dirsw_p16,dirsw_p17,dirsw_p18,dirsw_p19,dirsw_p20,dirsw_p21,shww_p1,shww_p2,shww_p3,shww_p4,shww_p5,shww_p6,shww_p7,shww_p8,shww_p9,shww_p10,shww_p11,shww_p12,shww_p13,shww_p14,shww_p15,shww_p16,shww_p17,shww_p18,shww_p19,shww_p20,shww_p21
2018-12-17 12:00:00,2.65,2.92,3.0300000000000002,2.38,2.69,2.7,2.22,2.5100000000000002,2.45,2.04,2.27,2.22,1.94,2.1,2.02,1.8900000000000001,2.0,1.8800000000000001,2.06,1.98,1.85,7.2700000000000005,7.29,7.17,7.28,7.25,7.11,7.09,7.12,7.0600000000000005,6.88,6.95,6.93,6.5600000000000005,6.69,6.74,6.28,6.47,6.58,6.140000000000001,6.34,6.41,78.92,81.82000000000001,84.94,71.44,71.34,72.48,63.49,61.76,63.08,59.78,55.09,57.95,56.19,52.2,54.45,55.09,49.120000000000005,50.54,46.5,44.1,44.74,0.67,-0.84,-2.02,-0.21,-1.5,-2.74,-1.58,-2.2800000000000002,-2.39,-3.45,-3.84,-3.35,-6.26,-5.24,-4.25,-7.96,-6.57,-4.9,-9.74,-7.19,-6.01,80.67,79.46000000000001,79.37,74.18,71.93,71.60000000000001,68.62,65.73,65.95,64.36,59.19,60.99,56.89,53.44,56.13,51.74,46.94,50.51,39.78,40.050000000000004,42.74,8.41,8.39,8.27,8.31,8.32,8.16,8.08,8.16,8.03,7.87,7.930000000000001,7.88,7.5,7.62,7.68,7.37,7.34,7.32,7.13,7.21,7.17,-10.03,-11.46,-11.870000000000001,-8.55,-9.77,-9.48,-8.28,-8.92,-8.32,-6.83,-7.3500000000000005,-7.47,-4.65,-6.11,-6.0600000000000005,-3.2800000000000002,-4.7,-4.5200000000000005,-2.79,-3.44,-3.43,8.41,8.39,8.27,8.31,8.31,8.16,8.08,8.16,8.05,7.83,7.930000000000001,7.9,7.5,7.61,7.65,7.28,7.34,7.36,7.13,7.21,7.17,80.08,78.73,79.03,72.87,69.94,69.68,66.87,63.620000000000005,63.15,60.88,56.68,58.03,54.800000000000004,51.02,53.83,45.25,45.08,47.09,38.88,38.88,41.050000000000004,2.61,2.89,3.02,2.35,2.63,2.65,2.18,2.46,2.38,2.08,2.22,2.16,1.9000000000000001,2.06,1.99,1.75,1.97,1.83,2.04,1.96,1.81
2018-12-17 15:00:00,2.71,2.98,3.0100000000000002,2.43,2.63,2.62,2.27,2.43,2.39,2.07,2.24,2.22,1.9000000000000001,2.07,2.0300000000000002,1.83,1.95,1.86,2.0,1.9000000000000001,1.77,7.33,7.3100000000000005,7.23,7.3,7.26,7.16,7.21,7.22,7.12,7.09,7.12,7.03,6.82,6.9,6.92,6.5,6.67,6.76,6.26,6.49,6.59,83.08,84.46000000000001,86.09,75.37,73.65,75.57000000000001,66.04,63.09,64.76,60.800000000000004,55.35,58.46,55.56,51.08,53.92,55.14,48.59,50.17,48.120000000000005,44.53,45.160000000000004,1.4000000000000001,-1.18,-3.06,0.14,-1.46,-3.19,-0.97,-1.7,-2.64,-2.23,-2.83,-3.31,-5.13,-4.83,-4.28,-6.88,-5.73,-4.64,-8.9,-6.26,-4.88,83.56,81.63,79.96000000000001,77.11,73.33,72.01,70.21000000000001,66.13,66.93,64.9,59.33,61.58,57.83,53.33,55.730000000000004,52.9,47.06,50.35,40.44,40.36,43.58,8.52,8.46,8.370000000000001,8.41,8.34,8.21,8.3,8.24,8.120000000000001,8.17,8.03,8.02,7.98,7.9,7.88,7.7,7.71,7.76,7.33,7.24,,-10.14,-11.48,-11.16,-8.75,-9.11,-8.540000000000001,-7.58,-7.82,-7.63,-5.99,-6.74,-7.0,-3.8000000000000003,-5.23,-5.39,-2.42,-3.59,-3.99,-2.16,-2.09,-2.59,8.52,8.46,8.370000000000001,8.41,8.34,8.21,8.27,8.24,8.120000000000001,8.06,8.1,8.02,7.74,7.87,7.86,7.49,7.55,7.6000000000000005,7.3100000000000005,7.33,7.32,83.44,80.88,79.51,76.06,71.31,69.83,72.18,65.54,64.32000000000001,66.71000000000001,64.11,58.94,25.66,49.370000000000005,53.57,27.740000000000002,29.86,49.910000000000004,35.6,17.61,,2.68,2.96,2.99,2.4,2.57,2.56,2.15,2.34,2.33,2.14,2.02,2.16,1.46,1.81,2.0,1.53,1.6300000000000001,1.8900000000000001,1.9000000000000001,1.55,
2018-12-17 18:00:00,2.74,2.92,2.93,2.4,2.5300000000000002,2.58,2.22,2.32,2.37,2.0300000000000002,2.18,2.19,1.86,2.0300000000000002,2.0100000000000002,1.75,1.9000000000000001,1.85,1.9000000000000001,1.82,1.74,7.41,7.38,7.3,7.34,7.3100000000000005,7.26,7.3100000000000005,7.29,7.2,7.26,7.23,7.13,7.07,7.1000000000000005,7.08,6.75,6.890000000000001,6.96,6.4,6.66,6.79,85.93,86.14,86.2,77.32000000000001,75.72,79.05,68.09,65.99,71.01,62.11,57.050000000000004,60.72,55.230000000000004,51.230000000000004,54.120000000000005,54.44,47.89,50.29,49.06,44.7,46.300000000000004,2.39,-0.15,-2.25,1.16,-0.37,-2.16,0.22,-0.42,-1.96,-0.85,-1.8,-2.2600000000000002,-3.62,-3.39,-2.87,-5.65,-4.55,-3.39,-7.94,-5.61,-4.03,85.43,82.47,79.89,78.62,74.23,73.17,71.02,67.32000000000001,68.66,65.49,60.46,62.59,58.64,53.76,56.03,54.28,47.42,50.480000000000004,41.88,40.78,44.7,8.65,8.58,8.49,8.51,8.43,8.36,,8.36,8.23,,8.17,8.17,,,,7.84,8.870000000000001,,7.62,7.4,,-9.48,-10.43,-10.620000000000001,-7.74,-8.14,-8.19,-6.67,-6.98,-7.24,-5.41,-6.32,-6.71,-3.23,-4.7,-5.23,-2.02,-3.38,-4.05,-1.93,-2.47,-2.95,8.65,8.58,8.49,8.46,8.38,8.34,8.36,8.28,8.23,8.23,8.19,8.14,7.96,8.040000000000001,8.01,7.7,7.8,7.84,7.46,7.49,7.55,86.04,82.27,79.95,88.24,82.26,73.3,,92.49,66.78,,59.9,61.49,,,,28.52,17.04,,28.97,22.01,,2.71,2.89,2.93,2.19,2.24,2.6,,1.6,2.33,,2.16,2.18,,,,1.44,1.3,,1.6400000000000001,1.59,
2018-12-17 21:00:00,2.71,2.81,2.85,2.34,2.47,2.57,2.13,2.25,2.36,1.97,2.12,2.15,1.81,1.99,1.97,1.69,1.87,1.84,1.79,1.78,1.73,7.42,7.4,7.36,7.37,7.38,7.36,7.37,7.3500000000000005,7.2700000000000005,7.36,7.28,7.22,7.2700000000000005,7.24,7.22,7.0,7.08,7.12,6.57,6.83,6.98,87.54,87.01,86.81,78.48,77.65,80.73,70.0,69.77,73.8,64.22,60.63,64.62,55.27,52.68,55.81,53.480000000000004,47.86,50.63,48.63,44.660000000000004,47.300000000000004,3.93,1.68,-0.16,2.92,0.88,-0.96,1.81,0.39,-1.06,0.24,-1.23,-1.6500000000000001,-2.64,-2.6,-1.6600000000000001,-4.7,-3.8000000000000003,-2.37,-7.07,-5.11,-3.7,87.11,83.64,81.34,79.81,75.61,74.97,72.12,69.44,70.10000000000001,66.62,62.47,63.54,59.42,55.01,56.93,55.34,48.370000000000005,51.25,43.44,41.75,45.88,8.790000000000001,8.69,8.620000000000001,8.42,8.45,8.51,,8.44,8.36,,8.23,8.3,,,,8.51,,,7.7700000000000005,7.47,,-9.23,-10.01,-10.4,-7.38,-8.02,-8.22,-6.19,-6.92,-7.54,-5.01,-6.45,-6.47,-3.0700000000000003,-4.91,-4.93,-1.7,-3.7600000000000002,-4.28,-1.54,-2.82,-3.15,8.75,8.68,8.61,8.52,8.48,8.5,8.4,8.33,8.370000000000001,8.31,8.24,8.26,8.13,8.15,8.15,7.92,8.0,7.99,7.640000000000001,7.73,7.78,92.06,84.63,81.86,89.29,90.9,75.65,,100.3,76.77,,63.56,67.13,,,,17.740000000000002,,,30.53,39.47,,2.56,2.7800000000000002,2.84,2.0,1.8800000000000001,2.59,,1.36,2.15,,2.15,2.2600000000000002,,,,1.24,,,1.61,1.74,
2018-12-18 00:00:00,2.66,2.74,2.77,2.29,2.44,2.52,2.06,2.22,2.32,1.9000000000000001,2.07,2.11,1.76,1.94,1.93,1.6400000000000001,1.83,1.82,1.71,1.76,1.73,7.36,7.38,7.4,7.390000000000001,7.45,7.42,7.42,7.41,7.33,7.41,7.33,7.3,7.38,7.32,7.3,7.18,7.22,7.23,6.78,7.0200000000000005,7.13,88.23,88.61,88.39,79.56,79.3,81.06,72.25,72.95,74.68,66.74,64.39,66.73,56.51,55.71,58.9,53.38,49.15,52.21,47.92,45.300000000000004,48.11,4.92,2.91,0.9,3.97,1.84,0.21,2.38,0.6,-0.09,0.17,-1.29,-0.98,-2.71,-2.33,-1.6400000000000001,-4.3100000000000005,-3.48,-2.5,-6.2,-4.51,-3.56,89.26,85.56,82.94,81.36,77.43,76.25,73.64,71.58,70.83,68.22,64.48,64.13,60.550000000000004,56.75,58.050000000000004,56.26,49.92,52.59,45.2,43.33,47.25,8.83,8.790000000000001,8.75,8.71,8.82,8.75,,9.03,8.65,,,,,,,,,,8.03,8.13,,-8.96,-9.870000000000001,-9.870000000000001,-6.95,-7.7700000000000005,-7.87,-5.86,-7.0,-7.29,-5.11,-6.19,-6.08,-3.69,-4.74,-4.9,-2.82,-3.8200000000000003,-4.51,-2.2,-2.8000000000000003,-3.2800000000000002,8.81,8.77,8.73,8.6,8.61,8.59,8.45,8.45,8.46,8.35,8.31,8.35,8.24,8.22,8.25,8.1,8.11,8.11,7.87,7.95,7.95,94.69,87.8,84.37,85.33,95.16,84.60000000000001,,90.01,80.28,,,,,,,,,,29.44,8.73,,2.5,2.69,2.73,2.43,1.96,2.25,,1.85,2.11,,,,,,,,,,1.48,1.2,
2018-12-18 03:00:00,2.6,2.68,2.66,2.2600000000000002,2.4,2.43,2.02,2.21,2.2600000000000002,1.86,2.0300000000000002,2.05,1.72,1.8800000000000001,1.8900000000000001,1.6300000000000001,1.79,1.79,1.68,1.73,1.72,7.33,7.4,7.37,7.42,7.49,7.390000000000001,7.48,7.43,7.3100000000000005,7.45,7.390000000000001,7.33,7.38,7.390000000000001,7.3500000000000005,7.19,7.3100000000000005,7.3,6.890000000000001,7.16,7.24,89.97,90.35000000000001,88.7,81.67,81.44,80.65,74.47,74.51,74.69,69.55,67.36,68.19,59.06,59.01,61.2,54.410000000000004,51.46,54.33,48.34,46.46,49.11,5.1000000000000005,3.35,1.17,4.0600000000000005,2.54,1.1300000000000001,2.07,1.1300000000000001,0.84,-0.17,-0.48,-0.47000000000000003,-2.99,-1.72,-1.9100000000000001,-4.63,-2.97,-2.77,-5.9,-4.19,-3.4,91.24,87.03,83.46000000000001,82.9,79.05,77.0,75.19,73.2,71.53,69.95,65.9,64.69,61.940000000000005,58.52,59.17,57.11,51.88,54.1,47.03,45.38,48.77,8.870000000000001,8.870000000000001,8.78,8.81,8.76,8.61,,8.59,8.53,,,,8.3,,,8.2,,,8.040000000000001,,,-8.74,-9.16,-9.44,-6.8100000000000005,-7.7,-8.1,-6.0600000000000005,-7.34,-7.68,-5.64,-6.0600000000000005,-6.3100000000000005,-4.5600000000000005,-4.46,-4.62,-4.5,-3.72,-3.5100000000000002,-4.07,-2.94,-2.61,8.870000000000001,8.86,8.75,8.71,8.71,8.61,8.540000000000001,8.57,8.5,8.4,8.41,8.4,8.3,8.290000000000001,8.3,8.22,8.19,8.2,8.06,8.08,8.06,93.45,90.01,85.89,87.33,82.28,77.55,,74.60000000000001,73.77,,,,69.49,,,60.77,,,48.29,,,2.5500000000000003,2.6,2.6,2.4,2.44,2.42,,2.25,2.29,,,,1.34,,,1.48,,,1.6400000000000001,,
2018-12-18 06:00:00,2.54,2.58,2.54,2.23,2.35,2.35,2.0100000000000002,2.18,2.18,1.83,1.99,1.99,1.7,1.84,1.85,1.6300000000000001,1.75,1.76,1.68,1.7,1.69,7.34,7.390000000000001,7.25,7.44,7.43,7.25,7.49,7.38,7.23,7.47,7.42,7.32,7.3500000000000005,7.44,7.36,7.11,7.37,7.34,6.9,7.25,7.3,91.03,90.48,87.0,84.48,82.43,80.07000000000001,76.63,74.95,74.65,71.8,69.03,69.27,62.08,62.06,63.410000000000004,56.5,54.56,56.84,49.46,48.35,50.65,5.13,3.29,1.44,3.75,2.66,1.27,1.55,1.48,1.02,-0.49,-0.08,-0.03,-3.35,-1.53,-1.42,-5.1000000000000005,-2.88,-2.65,-5.96,-4.0200000000000005,-3.34,92.55,87.75,83.59,84.2,80.4,77.73,76.59,74.47,72.44,71.3,66.88,65.54,63.300000000000004,60.08,60.31,58.15,53.99,55.53,48.870000000000005,47.71,50.26,8.93,8.9,8.69,8.870000000000001,8.77,8.56,,8.65,8.5,,,,8.370000000000001,,,8.290000000000001,,,8.16,,,-8.44,-8.96,-9.39,-7.140000000000001,-8.07,-8.51,-6.7700000000000005,-7.66,-7.69,-6.0200000000000005,-6.32,-6.12,-5.2,-4.96,-4.58,-5.08,-4.12,-3.2,-4.88,-3.35,-2.25,8.93,8.89,8.65,8.81,8.76,8.55,8.65,8.620000000000001,8.48,8.5,8.49,8.41,8.36,8.35,8.32,8.290000000000001,8.25,8.24,8.17,8.15,8.14,94.5,91.33,87.36,86.98,82.21000000000001,78.85000000000001,,76.75,73.73,,,,69.68,,,61.14,,,47.97,,,2.49,2.5,2.46,2.32,2.31,2.31,,2.21,2.19,,,,1.36,,,1.51,,,1.67,,
2018-12-18 09:00:00,2.46,2.47,2.45,2.19,2.29,2.27,1.99,2.12,2.08,1.81,1.94,1.92,1.67,1.8,1.81,1.61,1.72,1.72,1.6500000000000001,1.67,1.6600000000000001,7.32,7.29,7.12,7.4,7.3,7.13,7.46,7.3100000000000005,7.17,7.49,7.41,7.28,7.36,7.43,7.33,7.15,7.38,7.34,6.98,7.3,7.33,91.65,89.87,85.8,85.68,82.38,79.77,78.05,75.44,75.12,73.03,69.86,70.45,64.71000000000001,64.34,65.39,59.2,57.65,59.230000000000004,51.38,50.79,52.29,4.63,2.86,1.24,3.09,2.31,1.01,0.68,0.9400000000000001,0.66,-1.3,-0.96,-0.67,-4.09,-2.66,-2.12,-5.22,-3.6,-3.09,-5.75,-3.8000000000000003,-3.39,93.17,88.18,83.87,85.12,81.42,77.99,77.44,75.06,72.77,71.93,67.47,66.43,64.27,61.25,61.39,59.370000000000005,55.77,56.74,50.56,49.99,51.54,8.96,8.86,8.56,8.870000000000001,8.74,8.47,8.76,8.64,8.44,,,,,,,8.290000000000001,,,8.27,,,-8.44,-8.98,-9.41,-7.44,-8.27,-8.14,-6.82,-7.61,-6.8500000000000005,-5.49,-6.3,-5.63,-4.53,-5.08,-4.65,-3.8000000000000003,-4.0,-3.2600000000000002,-3.2,-3.12,-2.06,8.97,8.84,8.52,8.86,8.73,8.45,8.72,8.61,8.41,8.59,8.52,8.38,8.44,8.4,8.31,8.34,8.28,8.24,8.24,8.2,8.17,95.32000000000001,93.10000000000001,88.86,86.8,84.10000000000001,80.37,79.05,78.29,76.83,,,,,,,55.25,,,52.67,,,2.41,2.37,2.35,2.2,2.23,2.2,2.12,2.15,2.12,,,,,,,1.6,,,1.62,,
2018-12-18 12:00:00,2.36,2.36,2.39,2.13,2.2,2.2,1.95,2.04,2.0,1.77,1.87,1.85,1.6400000000000001,1.76,1.75,1.56,1.68,1.68,1.6,1.62,1.61,7.25,7.17,7.03,7.33,7.2,7.05,7.43,7.26,7.12,7.51,7.37,7.23,7.43,7.41,7.29,7.2700000000000005,7.390000000000001,7.33,7.09,7.3500000000000005,7.34,91.97,89.21000000000001,85.67,86.12,81.56,79.77,79.07000000000001,75.46000000000001,75.98,73.71000000000001,70.59,71.94,66.57000000000001,65.88,67.25,61.78,60.29,60.96,54.07,53.63,53.39,3.58,2.17,0.76,2.21,1.3800000000000001,-0.07,0.26,0.12,-0.81,-1.22,-1.35,-1.11,-3.7600000000000002,-2.75,-1.78,-4.68,-3.56,-2.69,-5.43,-3.43,-2.93,93.0,88.39,84.26,85.55,81.62,77.59,77.61,74.77,72.39,72.09,67.75,67.15,65.17,62.08,62.42,60.83,57.050000000000004,57.730000000000004,52.300000000000004,51.88,52.6,8.94,8.75,8.46,8.870000000000001,8.65,8.38,8.78,8.61,8.33,,,,,,,,,,,,,-8.56,-8.9,-9.18,-7.55,-7.99,-8.05,-6.28,-6.99,-6.69,-4.49,-5.73,-5.32,-3.1,-4.46,-4.23,-1.95,-3.11,-3.0100000000000002,-2.04,-2.36,-1.92,8.96,8.72,8.41,8.86,8.63,8.36,8.73,8.55,8.32,8.61,8.49,8.3,8.49,8.41,8.27,8.38,8.3,8.21,8.28,8.21,8.16,95.23,92.65,88.79,87.18,84.58,80.59,81.94,80.21000000000001,76.31,,,,,,,,,,,,,2.31,2.2800000000000002,2.29,2.14,2.14,2.12,2.1,2.06,2.0,,,,,,,,,,,,
2018-12-18 15:00:00,2.25,2.2600000000000002,2.32,2.04,2.1,2.16,1.87,1.93,1.95,1.71,1.8,1.79,1.59,1.7,1.69,1.52,1.6300000000000001,1.62,1.57,1.58,1.56,7.2,7.1000000000000005,7.01,7.28,7.16,7.0200000000000005,7.41,7.24,7.09,7.51,7.33,7.2,7.5,7.38,7.26,7.36,7.37,7.29,7.1000000000000005,7.3500000000000005,7.32,92.06,89.25,86.85000000000001,86.05,81.62,80.25,78.77,76.27,76.83,74.4,71.67,73.56,67.78,67.2,68.31,63.77,62.300000000000004,60.6,56.730000000000004,55.95,53.69,2.92,1.6,0.89,2.05,0.8200000000000001,0.11,0.8300000000000001,-0.13,-0.6,-0.5700000000000001,-1.32,-1.22,-3.2800000000000002,-2.73,-2.07,-5.1000000000000005,-4.32,-3.75,-6.7,-4.9,-4.47,92.21000000000001,88.27,85.05,85.35000000000001,81.10000000000001,77.5,77.45,74.19,71.99,72.22,68.0,67.57000000000001,66.05,62.84,63.33,61.72,57.870000000000005,58.45,52.68,52.910000000000004,53.19,8.88,8.620000000000001,8.39,8.84,8.56,8.32,,,8.290000000000001,,,,,,,,,,8.31,,,-7.87,-8.27,-8.53,-6.57,-7.15,-7.78,-4.93,-5.96,-6.4,-3.08,-4.7700000000000005,-5.09,-1.61,-3.52,-4.01,-0.51,-1.96,-2.5,-0.8300000000000001,-0.75,-0.67,8.89,8.61,8.34,8.790000000000001,8.53,8.28,8.69,8.47,8.25,8.59,8.43,8.23,8.51,8.38,8.2,8.42,8.3,8.16,8.3,8.21,8.11,94.68,91.86,89.36,89.36,86.15,81.25,,,78.03,,,,,,,,,,50.93,,,2.19,2.19,2.23,2.13,2.09,2.09,,,1.98,,,,,,,,,,1.57,,
2018-12-18 18:00:00,2.13,2.17,2.24,1.94,2.02,2.12,1.78,1.86,1.9100000000000001,1.6400000000000001,1.73,1.75,1.53,1.6400000000000001,1.6400000000000001,1.47,1.58,1.56,1.52,1.52,1.5,7.16,7.07,7.0200000000000005,7.26,7.13,7.0200000000000005,7.4,7.22,7.1000000000000005,7.49,7.3,7.17,7.53,7.34,7.23,7.41,7.3500000000000005,7.2700000000000005,7.16,7.3500000000000005,7.3100000000000005,91.69,89.62,88.86,85.25,82.62,81.41,79.09,77.51,77.52,75.36,73.13,72.74,68.87,68.68,66.28,65.19,63.940000000000005,60.76,58.97,57.22,55.35,2.92,2.18,1.8,2.36,1.1500000000000001,1.3900000000000001,1.1400000000000001,-0.04,-0.06,-0.49,-1.73,-1.8800000000000001,-3.17,-3.25,-3.13,-4.36,-3.87,-3.37,-4.95,-3.33,-2.97,91.43,88.54,86.48,84.94,80.89,78.42,77.31,74.07000000000001,72.01,72.49,68.35000000000001,67.67,66.9,63.49,63.81,62.59,58.59,59.1,53.660000000000004,53.7,53.85,8.78,8.540000000000001,8.36,8.74,8.49,8.3,,,,,,,,,,,,,,,,-7.3500000000000005,-7.88,-7.99,-5.97,-7.08,-7.45,-4.49,-5.89,-6.22,-2.7,-4.41,-5.05,-0.8200000000000001,-2.59,-3.48,0.52,-0.85,-1.53,0.01,0.21,0.22,8.790000000000001,8.53,8.3,8.700000000000001,8.46,8.25,8.61,8.39,8.21,8.540000000000001,8.34,8.17,8.48,8.31,8.13,8.42,8.27,8.09,8.31,8.19,8.06,93.69,92.09,90.47,89.38,85.97,83.92,,,,,,,,,,,,,,,,2.08,2.1,2.16,2.02,2.02,2.1,,,,,,,,,,,,,,,
2018-12-18 21:00:00,2.04,2.11,2.17,1.85,1.97,2.05,1.7,1.8,1.86,1.57,1.67,1.71,1.47,1.58,1.59,1.41,1.52,1.51,1.46,1.47,1.45,7.12,7.03,7.0,7.23,7.1000000000000005,7.0200000000000005,7.38,7.2,7.12,7.47,7.28,7.18,7.53,7.33,7.24,7.46,7.34,7.28,7.23,7.3500000000000005,7.32,90.97,90.45,90.5,85.18,83.71000000000001,82.08,80.02,78.79,75.35000000000001,76.58,74.73,71.48,70.13,69.15,66.54,66.39,63.89,62.59,60.71,57.97,57.4,2.71,2.48,2.06,1.37,1.34,1.67,0.55,-0.48,0.03,0.18,-1.34,-1.51,-1.3,-1.76,-1.86,-3.17,-2.95,-2.54,-5.16,-3.44,-2.6,90.91,89.39,87.93,84.35000000000001,81.34,79.71000000000001,77.23,74.34,72.44,72.93,68.84,67.71000000000001,67.84,64.2,64.08,63.86,59.46,59.83,55.11,54.58,54.79,8.66,8.49,8.35,8.65,8.44,8.290000000000001,,,,,,,,,,,,,,,,-7.21,-7.88,-7.94,-5.99,-7.03,-7.140000000000001,-4.3,-5.89,-5.65,-2.47,-4.24,-4.3,-0.4,-2.43,-2.77,0.53,-0.92,-1.07,0.04,-0.03,0.8200000000000001,8.68,8.48,8.3,8.61,8.41,8.22,8.53,8.35,8.18,8.46,8.28,8.14,8.42,8.23,8.09,8.39,8.2,8.040000000000001,8.31,8.15,8.01,93.55,93.06,91.77,88.85000000000001,86.53,85.24,,,,,,,,,,,,,,,,1.99,2.04,2.09,1.94,1.98,2.0300000000000002,,,,,,,,,,,,,,,
2018-12-19 00:00:00,1.97,2.06,2.11,1.79,1.93,1.98,1.6400000000000001,1.76,1.81,1.52,1.6300000000000001,1.67,1.42,1.53,1.56,1.37,1.46,1.46,1.41,1.41,1.3900000000000001,7.08,7.0,6.94,7.22,7.09,6.99,7.36,7.2,7.1000000000000005,7.45,7.29,7.2,7.51,7.33,7.26,7.44,7.34,7.3100000000000005,7.24,7.34,7.3500000000000005,91.07000000000001,91.26,91.41,85.64,84.78,82.89,80.87,79.95,75.84,77.85000000000001,75.47,70.34,71.73,69.55,67.66,67.77,63.85,64.33,62.21,58.730000000000004,59.68,2.86,2.23,1.42,2.02,2.0300000000000002,1.11,0.9400000000000001,1.02,0.72,0.17,-1.01,-0.81,-2.38,-2.7600000000000002,-2.62,-4.19,-3.41,-2.91,-5.0,-3.37,-2.47,90.8,90.11,88.64,84.02,82.08,80.72,77.37,74.98,73.66,73.53,69.43,68.17,68.7,64.85,64.25,64.76,60.26,60.39,56.28,55.46,55.730000000000004,8.58,8.45,8.33,8.52,8.42,8.24,,,8.17,,,,,,,,,,,,,-7.16,-7.87,-8.26,-5.72,-6.69,-7.3,-4.75,-5.41,-6.19,-3.59,-4.22,-4.44,-1.48,-2.39,-2.41,-0.75,-0.56,-0.47000000000000003,-0.68,0.32,1.3,8.6,8.45,8.28,8.55,8.39,8.2,8.47,8.32,8.14,8.4,8.25,8.1,8.36,8.18,8.06,8.34,8.13,8.0,8.28,8.1,7.96,95.23,94.05,92.52,90.06,89.32000000000001,84.99,,,79.93,,,,,,,,,,,,,1.92,1.99,2.0300000000000002,1.87,1.97,1.94,,,1.83,,,,,,,,,,,,
2018-12-19 03:00:00,1.94,2.02,2.07,1.76,1.8800000000000001,1.92,1.61,1.72,1.76,1.48,1.59,1.6300000000000001,1.3900000000000001,1.49,1.52,1.36,1.42,1.43,1.3900000000000001,1.37,1.35,7.0,6.95,6.8500000000000005,7.17,7.0600000000000005,6.94,7.33,7.2,7.0600000000000005,7.4,7.3100000000000005,7.22,7.37,7.3500000000000005,7.3100000000000005,7.16,7.36,7.36,7.0600000000000005,7.3500000000000005,7.4,91.79,91.91,91.17,86.27,85.83,83.65,81.59,81.16,76.81,78.86,76.09,71.79,73.4,69.8,68.77,69.49,63.79,65.82000000000001,62.39,59.54,61.92,3.47,2.63,1.57,2.52,2.09,0.93,0.29,0.58,-0.24,-1.76,-1.35,-1.26,-3.29,-2.32,-1.8,-4.87,-3.0700000000000003,-2.12,-5.75,-3.61,-2.04,91.52,90.64,88.97,84.48,82.86,81.47,77.71000000000001,75.85000000000001,75.03,73.95,70.05,69.06,68.99,65.46000000000001,64.69,64.32000000000001,61.01,60.93,56.370000000000005,56.39,56.71,8.540000000000001,8.42,8.28,8.52,8.38,8.21,,,8.17,,,,2.8000000000000003,,,6.48,,,6.0200000000000005,,,-7.48,-7.83,-8.39,-6.13,-6.8,-7.3100000000000005,-5.0200000000000005,-5.58,-6.18,-4.15,-3.79,-4.19,-3.68,-2.2,-2.04,-3.75,-0.99,-0.09,-2.95,-0.22,1.34,8.55,8.42,8.24,8.5,8.36,8.17,8.43,8.290000000000001,8.1,8.36,8.22,8.05,8.3,8.14,8.02,8.27,8.07,7.97,8.22,8.040000000000001,7.92,95.13,94.87,92.85000000000001,90.01,88.31,84.7,,,81.47,,,,61.230000000000004,,,62.24,,,41.74,,,1.8800000000000001,1.94,1.99,1.83,1.87,1.86,,,1.78,,,,0.42,,,1.05,,,1.04,,
2018-12-19 06:00:00,1.93,1.99,2.0300000000000002,1.73,1.83,1.8800000000000001,1.58,1.67,1.72,1.46,1.56,1.59,1.4000000000000001,1.46,1.49,1.4000000000000001,1.3900000000000001,1.4000000000000001,1.43,1.34,1.33,6.92,6.890000000000001,6.8100000000000005,7.140000000000001,7.04,6.93,7.3100000000000005,7.19,7.07,7.34,7.32,7.26,7.11,7.36,7.38,6.8100000000000005,7.3500000000000005,7.44,6.8,7.36,7.51,92.57000000000001,92.55,91.28,87.09,86.87,84.05,82.39,81.87,77.88,79.67,76.21000000000001,73.78,74.92,70.7,70.18,69.57000000000001,65.62,67.14,63.27,61.57,63.910000000000004,3.65,2.5100000000000002,1.81,1.7,1.01,0.39,-0.47000000000000003,-0.23,-0.33,-2.38,-1.08,-0.44,-4.94,-2.7800000000000002,-1.4000000000000001,-6.24,-3.92,-2.0100000000000002,-6.15,-3.99,-2.02,92.61,91.02,89.45,84.89,83.10000000000001,81.89,78.01,76.51,75.9,74.06,70.86,70.35000000000001,68.05,66.11,65.77,62.64,61.620000000000005,61.85,55.870000000000005,57.52,58.11,8.49,8.39,8.23,8.48,8.34,8.18,,,,,,,3.7,,,7.08,,,8.17,,,-7.48,-7.98,-8.22,-6.13,-6.7,-6.98,-5.07,-5.57,-5.67,-4.61,-4.44,-4.2,-4.67,-3.36,-2.37,-4.65,-2.47,-0.88,-4.43,-1.75,0.2,8.5,8.370000000000001,8.18,8.46,8.33,8.13,8.4,8.26,8.07,8.33,8.19,8.02,8.27,8.120000000000001,7.97,8.22,8.040000000000001,7.930000000000001,8.15,7.98,7.88,96.42,95.43,93.38,90.98,88.74,86.72,,,,,,,56.44,,,58.78,,,55.800000000000004,,,1.86,1.9100000000000001,1.96,1.79,1.82,1.86,,,,,,,0.66,,,1.23,,,1.41,,
2018-12-19 09:00:00,1.9000000000000001,1.95,1.99,1.69,1.78,1.83,1.55,1.6400000000000001,1.68,1.45,1.53,1.55,1.44,1.46,1.46,1.46,1.4000000000000001,1.3900000000000001,1.5,1.36,1.33,6.890000000000001,6.8500000000000005,6.82,7.12,7.0200000000000005,6.96,7.24,7.16,7.11,7.23,7.26,7.3100000000000005,6.8100000000000005,7.2700000000000005,7.45,6.49,7.22,7.54,6.58,7.33,7.68,93.17,93.37,90.17,87.98,87.95,83.45,83.42,82.68,79.49,80.62,77.21000000000001,75.9,76.2,71.73,72.05,71.25,67.46000000000001,68.55,63.730000000000004,63.620000000000005,65.53,2.2800000000000002,1.62,1.11,0.64,0.58,0.54,-1.94,-1.09,-0.44,-3.9,-2.95,-1.58,-6.57,-4.32,-2.44,-7.6000000000000005,-5.2,-3.0300000000000002,-7.34,-5.12,-3.19,92.56,90.83,89.65,84.76,83.0,82.22,78.08,76.98,76.66,73.79,71.61,71.81,65.45,66.45,67.41,59.34,61.54,63.43,54.33,58.910000000000004,60.72,8.45,8.34,8.2,8.45,8.31,8.16,,,,,,,6.82,8.09,,6.84,5.19,,7.390000000000001,5.21,,-7.73,-8.09,-8.08,-6.18,-6.86,-6.75,-5.49,-6.04,-5.8,-4.47,-5.21,-4.75,-4.26,-4.29,-3.5,-4.08,-3.5700000000000003,-2.25,-4.04,-3.0500000000000003,-1.1500000000000001,8.46,8.32,8.13,8.43,8.28,8.09,8.370000000000001,8.22,8.06,8.3,8.15,8.01,8.25,8.07,7.95,8.18,8.0,7.9,8.1,7.930000000000001,7.84,96.37,95.24,93.7,90.72,88.38,89.03,,,,,,,60.09,63.660000000000004,,54.550000000000004,45.15,,48.07,41.43,,1.83,1.8800000000000001,1.9100000000000001,1.74,1.76,1.85,,,,,,,1.25,1.41,,1.28,0.8200000000000001,,1.33,0.8200000000000001,
2018-12-19 12:00:00,1.85,1.9100000000000001,1.93,1.6500000000000001,1.76,1.79,1.53,1.6300000000000001,1.6600000000000001,1.45,1.53,1.54,1.5,1.49,1.46,1.54,1.47,1.4000000000000001,1.6400000000000001,1.45,1.37,6.890000000000001,6.86,6.8500000000000005,7.1000000000000005,7.01,6.99,7.16,7.1000000000000005,7.12,7.1000000000000005,7.13,7.3100000000000005,6.5600000000000005,7.05,7.45,6.33,7.0,7.6000000000000005,6.41,7.26,7.87,93.68,94.34,91.48,88.83,87.94,84.69,84.61,82.81,80.76,81.81,77.65,77.69,76.17,72.93,74.16,71.89,69.2,70.29,66.03,65.7,76.2,0.79,0.46,0.25,-1.05,-0.74,-0.44,-3.5300000000000002,-2.75,-1.99,-5.12,-4.61,-3.14,-8.13,-6.24,-4.24,-8.82,-7.0600000000000005,-4.68,-9.26,-6.6000000000000005,-4.34,91.3,90.08,89.38,84.26,82.83,82.61,77.74,77.01,77.25,72.87,71.42,72.84,61.42,65.22,68.79,54.85,59.71,65.42,49.13,59.89,65.48,8.39,8.3,8.21,8.41,8.25,8.16,,8.18,8.13,8.22,8.120000000000001,6.99,5.42,6.84,7.09,4.67,5.83,7.04,6.390000000000001,6.04,7.11,-7.67,-7.92,-7.87,-6.12,-6.93,-7.03,-4.72,-6.03,-6.3100000000000005,-3.14,-4.97,-5.15,-2.35,-3.94,-3.89,-1.6500000000000001,-3.17,-2.58,-2.19,-2.67,-1.97,8.42,8.28,8.13,8.39,8.23,8.1,8.33,8.18,8.08,8.27,8.11,8.040000000000001,8.22,8.03,7.96,8.16,7.97,7.890000000000001,8.07,7.91,8.18,95.16,94.41,93.52,90.03,86.9,86.17,,82.05,81.95,66.89,69.92,36.34,45.7,51.800000000000004,31.67,34.550000000000004,34.300000000000004,26.48,36.0,31.59,21.19,1.79,1.84,1.86,1.7,1.7,1.73,,1.62,1.6400000000000001,1.47,1.48,0.85,1.09,1.18,0.84,1.05,0.9500000000000001,0.8200000000000001,1.35,0.96,0.78
2018-12-19 15:00:00,1.79,1.85,1.87,1.61,1.72,1.74,1.5,1.6,1.6300000000000001,1.43,1.52,1.52,1.5,1.5,1.46,1.58,1.54,1.44,1.76,1.54,1.44,6.98,6.94,6.91,7.13,7.0600000000000005,7.04,7.19,7.13,7.16,7.12,7.15,7.34,6.6000000000000005,7.05,7.48,6.390000000000001,6.98,7.65,6.47,7.33,8.040000000000001,94.18,95.37,97.02,89.67,89.25,90.58,85.79,83.47,85.82000000000001,83.12,78.49,82.9,76.33,74.65,77.37,72.63,70.97,78.35000000000001,61.58,116.94,125.9,-0.18,-0.55,-0.9,-1.76,-1.62,-1.52,-3.5,-3.52,-3.22,-4.9,-5.0,-4.17,-7.72,-6.38,-5.09,-8.73,-7.4,-5.82,-9.08,-6.390000000000001,-4.9,89.81,89.18,88.79,83.73,82.61,82.74,77.82000000000001,76.94,77.41,72.93,71.51,73.39,60.07,64.76,69.85000000000001,52.21,58.2,67.55,45.0,61.89,72.83,8.34,8.27,8.290000000000001,,8.24,8.290000000000001,,,7.12,,7.18,7.05,6.57,6.61,7.07,5.03,5.92,7.08,5.2700000000000005,6.21,6.99,-6.49,-6.83,-7.19,-4.9,-5.82,-6.25,-2.79,-4.5,-5.0,-0.77,-2.84,-3.47,-0.14,-1.27,-2.0100000000000002,-0.1,-0.17,-0.52,-0.65,0.03,0.71,8.370000000000001,8.26,8.23,8.35,8.21,8.22,8.290000000000001,8.15,8.24,8.22,8.09,8.21,8.17,8.02,8.06,8.120000000000001,7.95,8.24,7.5200000000000005,9.11,9.86,96.10000000000001,94.07000000000001,92.97,,89.5,89.42,,,46.52,,35.22,40.5,42.800000000000004,30.53,31.96,26.27,23.35,25.37,21.36,19.330000000000002,19.88,1.76,1.78,1.79,,1.73,1.74,,,0.97,,0.88,0.89,1.35,0.92,0.86,1.18,0.96,0.86,1.3,0.9400000000000001,0.81
2018-12-19 18:00:00,1.72,1.77,1.79,1.58,1.67,1.68,1.47,1.57,1.58,1.4000000000000001,1.5,1.5,1.47,1.5,1.46,1.52,1.56,1.47,1.72,1.59,1.51,7.11,7.07,7.01,7.23,7.18,7.16,7.29,7.2700000000000005,7.3100000000000005,7.22,7.29,7.47,6.7700000000000005,7.21,7.63,6.76,7.22,7.83,6.8500000000000005,7.5200000000000005,8.14,94.75,96.38,98.31,90.56,92.09,95.85000000000001,86.96000000000001,85.79,93.21000000000001,82.48,79.19,90.66,76.63,76.13,90.43,73.78,105.48,114.49000000000001,114.55,150.20000000000002,148.43,0.55,-0.27,-0.9400000000000001,-0.44,-0.66,-0.73,-2.72,-2.73,-2.35,-4.71,-4.8100000000000005,-4.17,-7.36,-6.42,-5.26,-5.75,-6.07,-5.07,-5.86,-5.19,-4.91,89.0,88.76,88.43,83.82000000000001,82.96000000000001,83.18,78.55,77.69,78.18,73.74,72.59,74.39,61.29,66.1,72.01,57.47,61.5,72.4,50.79,67.32000000000001,82.08,,,8.44,,,,,,7.15,,6.87,7.16,6.57,7.28,7.0200000000000005,5.21,7.1000000000000005,7.05,6.37,6.23,7.0,-5.43,-5.76,-6.24,-4.05,-4.87,-5.25,-1.97,-3.18,-3.6,-0.28,-1.5,-2.27,0.58,0.09,-0.34,1.74,1.19,1.34,0.63,2.12,2.69,8.35,8.3,8.48,8.32,8.25,8.620000000000001,8.26,8.18,8.73,8.18,8.11,8.83,8.120000000000001,8.05,9.22,8.09,9.11,10.07,8.950000000000001,10.26,10.35,,,92.51,,,,,,44.89,,37.410000000000004,41.34,39.29,32.72,31.400000000000002,19.12,24.39,24.45,24.04,14.39,12.3,,,1.73,,,,,,0.91,,0.88,0.89,1.31,1.03,0.86,1.11,1.06,0.88,1.35,0.97,0.8
2018-12-19 21:00:00,1.6600000000000001,1.71,1.72,1.54,1.61,1.6300000000000001,1.44,1.52,1.54,1.37,1.48,1.48,1.42,1.49,1.47,1.5,1.59,1.52,1.77,1.74,1.6,7.24,7.2,7.140000000000001,7.33,7.3,7.3,7.42,7.44,7.5,7.37,7.49,7.68,7.15,7.51,7.9,7.0600000000000005,7.4,7.98,6.75,7.19,7.96,95.37,97.33,101.26,91.56,94.06,99.41,88.18,90.94,96.57000000000001,82.85000000000001,86.06,93.45,78.31,98.48,104.58,106.11,134.38,137.82,147.98,152.84,157.22,0.53,-0.22,-0.6900000000000001,-0.64,-0.97,-1.02,-2.5100000000000002,-2.36,-1.77,-4.26,-4.3,-3.71,-4.92,-4.41,-4.03,-6.67,-6.46,-5.38,-10.02,-8.88,-6.76,88.73,88.76,88.52,84.26,83.65,83.85000000000001,79.51,79.11,79.7,75.29,74.88,76.72,67.26,71.2,76.77,62.21,65.48,78.41,44.95,54.4,84.29,,,,,,,,,,,6.8500000000000005,,,6.87,,6.09,6.46,6.95,5.98,5.26,5.86,-5.34,-5.51,-5.71,-4.24,-4.8,-4.98,-1.83,-2.46,-3.14,0.23,-0.91,-1.4000000000000001,0.8,0.74,0.51,1.79,2.0100000000000002,2.36,2.87,2.88,2.63,8.34,8.42,8.81,8.31,8.46,8.950000000000001,8.24,8.47,9.02,8.16,8.45,9.1,8.120000000000001,9.24,9.65,9.03,10.17,10.24,10.13,10.19,10.3,,,,,,,,,,,35.29,,,28.94,,23.04,13.870000000000001,14.01,12.39,0.67,0.77,,,,,,,,,,,0.86,,,0.9400000000000001,,1.18,1.03,0.89,1.3,1.12,0.81
2018-12-20 00:00:00,1.61,1.6500000000000001,1.6600000000000001,1.5,1.57,1.58,1.4000000000000001,1.49,1.5,1.35,1.46,1.47,1.43,1.51,1.5,1.53,1.6400000000000001,1.57,1.8800000000000001,1.8900000000000001,1.68,7.36,7.32,7.29,7.43,7.43,7.46,7.55,7.63,7.71,7.5,7.72,7.92,7.22,7.67,8.05,7.09,7.4,8.03,6.62,6.98,7.8500000000000005,95.97,99.31,102.9,92.63,97.03,100.37,88.93,94.29,97.65,84.44,96.37,101.8,98.86,120.85000000000001,130.41,126.26,143.4,149.57,144.64000000000001,153.22,159.95000000000002,-0.55,-1.34,-1.24,-1.16,-1.77,-1.83,-2.54,-2.59,-2.12,-4.45,-4.22,-3.9,-7.91,-6.69,-5.8500000000000005,-8.4,-7.73,-5.94,-10.4,-8.99,-6.23,88.41,88.63,88.73,84.74,84.31,84.59,80.59,81.05,81.85000000000001,76.67,78.15,80.46000000000001,68.43,75.39,81.23,62.42,65.53,84.52,37.67,38.15,83.93,,,,,,6.390000000000001,,,6.390000000000001,,7.3100000000000005,,4.8500000000000005,7.140000000000001,6.9,5.0,5.28,6.88,5.25,5.18,6.04,-4.8,-5.14,-5.34,-4.0200000000000005,-4.62,-4.55,-1.71,-1.99,-3.12,-0.03,0.33,-0.9400000000000001,0.98,1.41,0.9,0.66,2.4,2.18,0.54,2.24,1.79,8.39,8.65,8.97,8.370000000000001,8.78,9.040000000000001,8.3,8.88,9.08,8.21,9.34,9.49,9.4,9.98,10.39,10.05,10.14,10.39,10.07,10.120000000000001,10.26,,,,,,40.550000000000004,,,40.550000000000004,,34.95,,18.22,26.14,23.17,18.96,2.12,14.68,9.85,356.52,1.52,,,,,,0.7000000000000001,,,0.7000000000000001,,0.89,,0.85,0.92,0.87,1.06,0.96,0.9,1.45,1.35,0.99
2018-12-20 03:00:00,1.56,1.6,1.61,1.47,1.53,1.54,1.3900000000000001,1.47,1.49,1.37,1.46,1.48,1.59,1.55,1.53,1.73,1.71,1.6400000000000001,2.06,1.94,1.74,7.5,7.47,7.45,7.53,7.57,7.63,7.57,7.8100000000000005,7.92,7.36,7.94,8.16,6.71,7.65,8.18,6.57,7.23,7.86,6.47,6.93,7.68,96.63,101.15,103.56,94.18,98.94,101.11,92.55,96.88,106.22,92.72,109.81,124.48,108.97,135.21,139.97,129.28,147.28,151.98,81.31,151.0,157.41,-1.43,-2.18,-1.97,-2.59,-3.3000000000000003,-3.16,-5.01,-4.29,-3.69,-7.05,-4.92,-3.91,-9.17,-6.95,-5.29,-10.16,-8.85,-7.42,-11.71,-9.34,-7.930000000000001,87.96000000000001,88.33,88.84,85.0,84.84,85.45,80.49,83.17,84.56,74.76,82.3,85.56,60.230000000000004,75.7,86.86,53.92,59.1,82.91,36.72,34.84,80.4,,,,,,6.25,,,6.28,5.14,7.08,,5.7700000000000005,6.3,6.83,5.73,5.2,6.8500000000000005,5.73,5.42,6.24,-4.0,-4.41,-4.86,-3.41,-3.59,-3.84,-1.53,-1.31,-2.35,-0.66,0.51,-0.66,-3.45,0.9400000000000001,0.34,-3.44,1.32,1.23,-1.92,1.44,1.85,8.52,8.88,9.05,8.57,8.99,9.09,8.6,9.16,9.92,8.83,9.72,10.81,9.870000000000001,10.120000000000001,10.67,10.0,10.120000000000001,10.41,7.5200000000000005,10.01,10.21,,,,,,44.97,,,44.410000000000004,6.5600000000000005,32.58,,31.26,17.0,21.080000000000002,30.080000000000002,6.66,9.02,18.37,356.69,357.36,,,,,,0.76,,,0.75,0.48,0.86,,1.2,0.93,0.85,1.3800000000000001,1.17,0.96,1.73,1.44,1.05
2018-12-20 06:00:00,1.52,1.56,1.57,1.44,1.51,1.52,1.4000000000000001,1.46,1.48,1.43,1.48,1.48,1.84,1.62,1.56,1.99,1.83,1.7,2.27,2.0300000000000002,1.82,7.640000000000001,7.63,7.61,7.59,7.74,7.8100000000000005,7.46,7.96,8.120000000000001,7.12,7.96,8.31,6.37,7.47,8.14,6.3500000000000005,6.98,7.68,6.48,6.78,7.4,98.54,102.13,102.64,96.53,100.67,103.76,94.67,107.97,115.87,97.01,124.33,129.03,90.9,140.72,141.54,78.91,144.8,147.96,37.28,143.54,150.77,-2.7600000000000002,-2.93,-2.62,-4.37,-3.72,-3.0100000000000002,-5.93,-4.3,-3.3000000000000003,-7.72,-6.25,-4.66,-11.34,-8.51,-6.86,-11.72,-10.01,-8.03,-12.27,-10.620000000000001,-8.540000000000001,87.54,88.15,88.96000000000001,84.46000000000001,85.58,86.94,78.87,85.47,88.06,70.75,84.2,90.75,50.75,71.9,89.74,46.24,50.97,77.98,35.71,32.05,65.87,,,5.69,2.87,,6.07,4.26,6.640000000000001,,5.47,6.76,6.71,5.22,6.09,6.76,5.63,5.19,5.69,6.18,5.57,4.91,-3.1,-3.59,-4.49,-3.02,-3.0100000000000002,-3.5500000000000003,-2.74,-2.0100000000000002,-2.62,-1.96,-0.64,-1.45,-2.82,-0.47000000000000003,-0.15,-3.33,-0.77,0.68,-2.77,-0.99,0.54,8.76,9.0,9.64,8.84,9.24,10.81,8.93,10.06,10.77,9.18,10.32,10.66,8.3,10.23,10.48,7.2700000000000005,10.09,10.31,6.71,9.3,10.15,,,43.75,25.68,,45.34,28.830000000000002,40.42,,29.8,33.87,32.93,28.6,18.47,22.57,28.69,8.5,6.0,21.77,1.74,356.09000000000003,,,0.68,0.41000000000000003,,0.71,0.6,0.71,,0.89,0.8200000000000001,0.77,1.5,1.04,0.85,1.69,1.33,1.05,2.0,1.58,1.2
2018-12-20 09:00:00,1.47,1.52,1.53,1.43,1.49,1.51,1.44,1.48,1.49,1.49,1.54,1.51,2.0300000000000002,1.76,1.6,2.2600000000000002,2.04,1.78,2.5500000000000003,2.3000000000000003,1.99,7.79,7.8,7.7700000000000005,7.58,7.88,7.98,7.22,7.95,8.2,6.87,7.66,8.23,6.34,7.05,7.91,6.3500000000000005,6.66,7.38,6.49,6.54,6.96,99.95,100.05,100.39,97.55,104.7,107.62,96.49000000000001,115.78,119.83,102.27,129.64000000000001,131.96,49.22,138.07,139.5,30.04,126.04,142.09,22.95,39.61,146.06,-3.1,-2.59,-2.21,-5.0200000000000005,-3.7800000000000002,-2.7,-7.26,-5.83,-4.67,-8.65,-7.92,-6.28,-12.200000000000001,-10.11,-7.640000000000001,-12.89,-11.72,-9.3,-13.8,-12.88,-11.0,87.37,88.59,89.75,83.17,86.69,89.24,75.15,86.2,91.08,65.77,80.02,92.63,42.61,59.63,86.74,38.21,38.68,67.05,29.17,25.82,40.46,,,6.21,6.46,6.23,6.3,6.8100000000000005,6.48,6.43,4.82,6.390000000000001,6.51,5.73,5.2,6.22,6.2,5.42,5.0200000000000005,6.58,5.96,5.2,-2.7,-3.45,-4.36,-3.27,-3.38,-4.1,-2.89,-2.64,-3.04,-1.11,-1.74,-1.53,-1.3800000000000001,-0.9500000000000001,-0.46,-2.2,-1.1300000000000001,-0.58,-1.67,-1.3900000000000001,-0.62,8.950000000000001,9.97,10.47,8.99,10.61,10.57,9.08,10.73,10.51,9.39,10.46,10.41,6.67,10.26,10.32,6.21,8.78,10.22,6.59,7.07,10.07,,,49.58,1.7,46.82,46.44,42.88,32.85,43.39,28.85,29.71,33.36,24.6,15.91,17.88,26.18,10.57,6.21,19.69,7.97,359.2,,,0.66,0.2,0.72,0.71,0.9500000000000001,0.6900000000000001,0.73,1.06,0.93,0.77,1.74,1.26,0.93,2.02,1.6400000000000001,1.18,2.33,1.95,1.47
2018-12-20 12:00:00,1.44,1.49,1.51,1.45,1.5,1.52,1.54,1.55,1.53,1.61,1.69,1.59,2.11,1.98,1.74,2.32,2.38,2.0300000000000002,2.74,2.66,2.34,7.86,7.94,7.92,7.43,7.8500000000000005,8.02,6.83,7.58,8.05,6.55,7.09,7.79,6.38,6.640000000000001,7.32,6.55,6.45,6.78,6.640000000000001,6.5200000000000005,6.5600000000000005,99.43,100.31,105.15,96.58,108.73,114.2,99.18,119.59,124.69,106.76,128.53,133.36,67.04,103.10000000000001,136.82,38.86,12.35,126.7,23.19,6.59,31.470000000000002,-4.68,-3.84,-3.2800000000000002,-7.04,-6.0600000000000005,-4.87,-9.17,-7.98,-6.46,-9.73,-9.91,-8.14,-12.280000000000001,-11.67,-9.93,-11.870000000000001,-13.49,-12.120000000000001,-13.81,-14.08,-13.39,86.76,89.36,91.23,79.84,86.09,90.71000000000001,66.4,80.57000000000001,90.60000000000001,56.09,66.84,85.75,35.4,41.47,69.99,33.68,20.47,41.29,22.31,12.17,21.06,6.47,,6.09,4.86,5.7700000000000005,6.26,4.25,5.4,6.3500000000000005,4.8,4.73,6.05,6.11,5.24,4.8,6.74,6.04,5.15,7.01,6.58,5.87,-2.32,-3.0,-3.7600000000000002,-1.8800000000000001,-2.9,-3.81,-1.0,-2.17,-2.57,0.61,-1.09,-1.59,1.36,0.07,-0.97,1.22,1.06,-0.32,0.85,2.13,-0.1,9.290000000000001,10.700000000000001,10.33,9.84,10.65,10.39,9.83,10.49,10.35,9.84,10.33,10.28,7.71,8.15,10.21,7.140000000000001,6.42,9.0,7.04,6.59,6.96,359.6,,49.26,9.120000000000001,21.86,47.24,23.06,30.6,38.76,21.89,23.26,26.42,17.75,11.450000000000001,15.39,21.32,4.78,6.86,14.46,2.47,2.42,0.28,,0.65,0.51,0.64,0.74,0.96,0.89,0.8,1.28,1.17,0.9400000000000001,1.84,1.57,1.16,2.09,2.07,1.56,2.54,2.4,1.95
2018-12-20 15:00:00,1.42,1.47,1.5,1.44,1.52,1.53,1.56,1.61,1.56,1.68,1.8,1.69,2.14,2.13,1.8900000000000001,2.39,2.66,2.2600000000000002,2.77,3.08,2.73,7.82,8.0,7.97,7.37,7.76,7.97,6.76,7.3500000000000005,7.8500000000000005,6.45,6.82,7.36,6.38,6.5,6.86,6.61,6.53,6.58,6.75,6.75,6.59,92.52,105.02,111.72,98.99000000000001,112.94,120.34,101.44,120.87,128.34,90.44,126.18,133.3,34.63,53.22,133.47,38.32,1.11,65.9,22.57,359.81,357.43,-6.04,-5.5200000000000005,-5.5200000000000005,-6.86,-6.75,-6.11,-8.14,-8.23,-7.2,-9.06,-9.63,-9.11,-12.38,-11.36,-10.35,-12.89,-13.780000000000001,-11.78,-13.39,-15.14,-14.040000000000001,84.92,89.55,91.97,77.12,84.38,90.60000000000001,61.25,74.14,87.84,47.43,53.79,73.29,28.73,25.86,47.25,28.82,6.5,17.69,19.59,1.32,2.1,6.33,6.42,5.97,6.0,6.1000000000000005,6.2,4.97,5.09,6.3,5.15,5.01,5.18,6.34,5.74,5.08,7.07,6.62,5.86,7.33,7.22,6.62,0.08,-0.89,-2.12,1.1500000000000001,-0.39,-1.9100000000000001,1.97,0.27,-0.97,3.0100000000000002,1.9100000000000001,0.36,1.73,3.09,2.36,0.9500000000000001,2.68,3.98,1.54,2.24,3.98,10.44,10.47,10.24,9.82,10.42,10.28,10.040000000000001,10.32,10.24,8.42,10.23,10.17,6.7700000000000005,7.38,10.1,7.49,6.62,7.69,7.38,7.25,6.63,355.25,359.85,48.28,357.56,6.32,44.97,12.94,21.400000000000002,32.31,13.01,14.19,19.11,11.67,1.7,6.55,16.68,356.29,356.7,12.34,355.83,352.93,0.32,0.37,0.6900000000000001,0.33,0.5700000000000001,0.77,0.9400000000000001,1.0,0.89,1.27,1.33,1.11,1.8800000000000001,1.77,1.41,2.17,2.41,1.8900000000000001,2.59,2.88,2.45
2018-12-20 18:00:00,1.4000000000000001,1.45,1.49,1.43,1.52,1.53,1.56,1.6300000000000001,1.58,1.73,1.9000000000000001,1.76,2.1,2.32,2.1,2.16,2.81,2.56,2.35,2.93,2.95,7.7700000000000005,8.06,8.040000000000001,7.3100000000000005,7.73,7.94,6.74,7.26,7.72,6.38,6.62,7.1000000000000005,6.44,6.36,6.54,6.84,6.63,6.51,7.01,7.0,6.84,95.58,109.67,118.37,98.53,116.22,125.19,101.48,121.44,129.72,88.15,107.97,131.45,27.3,3.88,64.51,36.480000000000004,352.3,351.8,26.650000000000002,353.61,344.28000000000003,-6.0200000000000005,-5.22,-5.1000000000000005,-6.73,-6.640000000000001,-6.2,-7.96,-7.84,-7.22,-9.41,-10.35,-9.200000000000001,-11.34,-12.69,-11.59,-6.25,-13.07,-13.370000000000001,4.68,-8.94,-12.21,82.9,90.29,93.37,74.47,83.35000000000001,90.53,57.07,69.84,85.31,37.93,38.85,60.69,24.7,9.16,22.6,31.67,355.25,357.96,25.91,354.15000000000003,347.47,5.7,6.2,5.92,5.43,6.0200000000000005,6.11,4.82,5.18,5.61,5.39,5.24,4.79,6.41,6.04,5.59,6.19,6.98,6.38,9.44,7.57,7.22,1.6500000000000001,0.63,-0.17,2.79,1.1500000000000001,-0.13,3.38,1.8,0.37,4.09,2.62,1.68,3.16,3.65,3.0700000000000003,3.5700000000000003,4.47,4.01,4.41,6.45,5.59,10.450000000000001,10.32,10.19,10.39,10.290000000000001,10.200000000000001,10.34,10.21,10.15,8.86,8.6,10.08,6.87,6.37,7.37,7.63,6.98,6.38,7.68,7.65,7.25,355.79,16.91,44.78,356.53000000000003,11.21,36.980000000000004,354.47,13.530000000000001,24.330000000000002,5.49,4.28,10.98,8.28,353.08,356.92,1.3,348.11,346.89,202.41,348.05,341.97,0.39,0.59,0.67,0.39,0.68,0.8200000000000001,0.84,1.04,0.9400000000000001,1.37,1.49,1.24,1.85,2.0300000000000002,1.72,1.62,2.6,2.2800000000000002,1.09,2.74,2.72
2018-12-20 21:00:00,1.37,1.42,1.46,1.43,1.5,1.52,1.56,1.6400000000000001,1.59,1.68,1.96,1.82,1.84,2.2800000000000002,2.17,1.84,2.5300000000000002,2.52,2.21,2.59,2.89,7.7700000000000005,8.13,8.120000000000001,7.22,7.71,7.91,6.63,7.1000000000000005,7.51,6.46,6.5,6.8500000000000005,6.8100000000000005,6.43,6.5200000000000005,7.01,6.78,6.76,6.88,7.16,7.05,97.33,114.09,124.01,100.08,118.59,127.77,101.83,120.75,129.19,87.41,90.75,117.95,33.06,353.42,2.9,55.1,349.54,342.39,31.84,353.08,336.11,-5.61,-5.22,-5.21,-6.61,-6.2700000000000005,-6.12,-7.930000000000001,-8.1,-7.69,-7.63,-9.48,-9.700000000000001,-4.6000000000000005,-8.74,-9.040000000000001,4.7700000000000005,-6.8500000000000005,-7.74,8.83,-1.22,-8.44,82.01,91.57000000000001,95.48,70.78,82.62,90.51,50.24,62.160000000000004,79.38,35.06,24.580000000000002,45.32,33.08,358.85,7.42,49.480000000000004,352.43,347.85,62.85,355.08,339.16,6.04,6.05,5.79,5.08,5.5,6.01,4.62,4.62,5.19,5.47,5.39,4.96,6.11,6.28,5.97,8.72,7.0600000000000005,6.82,6.6000000000000005,7.62,7.54,2.35,1.41,0.55,3.66,2.11,1.19,4.3500000000000005,3.19,1.98,4.71,4.9,2.94,3.0700000000000003,6.41,4.88,1.8,5.93,6.43,2.7600000000000002,5.55,7.5600000000000005,10.3,10.22,10.17,10.26,10.18,10.15,10.22,10.1,10.08,8.9,8.15,8.86,6.97,6.3100000000000005,6.5,7.87,7.13,6.84,7.73,7.73,7.6000000000000005,352.17,11.32,41.36,352.75,11.16,30.19,355.87,353.48,9.27,353.44,351.04,358.95,347.28000000000003,341.78000000000003,345.06,200.59,342.59000000000003,335.0,204.52,340.7,334.61,0.33,0.52,0.65,0.54,0.8,0.8300000000000001,1.08,1.02,0.9400000000000001,1.3800000000000001,1.56,1.34,1.49,1.96,1.79,1.02,2.32,2.21,1.16,2.52,2.66
2018-12-21 00:00:00,1.35,1.41,1.44,1.4000000000000001,1.49,1.5,1.49,1.61,1.58,1.56,1.84,1.73,1.6400000000000001,2.1,2.09,1.73,2.19,2.39,2.14,2.3000000000000003,2.63,7.71,8.07,8.16,7.28,7.63,7.82,6.79,7.07,7.37,6.65,6.62,6.96,7.03,6.57,6.65,7.0,6.87,6.8100000000000005,6.83,7.17,7.12,99.08,117.55,127.57000000000001,101.19,119.41,128.39000000000001,101.79,118.85000000000001,125.58,88.16,89.56,124.75,36.33,352.8,14.97,71.89,353.63,339.40000000000003,47.82,355.47,333.81,-5.93,-5.58,-5.24,-6.07,-6.08,-6.25,-6.55,-5.75,-6.04,-7.04,-6.38,-4.7,0.5700000000000001,-6.53,-7.2,6.98,-0.84,-7.17,8.33,5.18,-3.39,80.29,91.27,96.91,70.85000000000001,81.06,89.37,52.75,58.96,74.28,40.45,23.53,45.39,48.76,0.4,1.72,79.35000000000001,359.38,342.12,120.13,359.84000000000003,336.67,4.22,5.75,6.07,5.05,4.67,5.29,5.18,4.5200000000000005,4.14,5.6000000000000005,5.54,5.11,4.49,6.3,6.17,4.43,6.28,6.88,5.76,5.16,7.48,3.15,2.6,1.69,3.22,3.62,2.52,2.75,4.89,3.99,2.3000000000000003,5.08,4.78,0.46,5.46,5.22,-0.49,4.75,6.97,1.6300000000000001,3.39,7.44,10.17,10.15,10.15,10.14,10.1,10.09,10.1,9.99,9.99,8.84,8.18,9.88,6.96,6.36,7.2700000000000005,8.03,6.94,6.890000000000001,7.67,7.59,7.65,349.38,349.27,26.1,351.47,340.12,8.59,358.92,340.53000000000003,341.17,3.5,343.73,334.82,207.25,338.17,333.13,195.82,317.21,331.23,201.82,226.43,329.92,0.54,0.52,0.7000000000000001,0.51,0.7000000000000001,0.78,0.9500000000000001,1.0,0.8200000000000001,1.33,1.44,1.09,0.75,1.78,1.6600000000000001,0.75,1.62,2.1,1.36,0.85,2.41
2018-12-21 03:00:00,1.33,1.3900000000000001,1.41,1.4000000000000001,1.46,1.45,1.47,1.55,1.53,1.49,1.71,1.6500000000000001,1.55,1.8800000000000001,1.95,1.69,1.96,2.2,2.06,2.12,2.29,7.66,7.99,8.18,7.16,7.61,7.9,6.71,7.15,7.45,6.68,6.76,7.03,7.08,6.8,6.79,7.01,7.0,6.9,6.94,7.0600000000000005,7.19,101.52,119.55,129.0,102.09,118.49000000000001,126.41,102.74000000000001,117.71000000000001,123.19,106.74000000000001,118.83,123.34,118.86,28.32,10.69,87.86,359.38,340.56,68.71000000000001,355.82,338.85,-5.38,-4.72,-4.51,-7.48,-4.71,-3.17,-8.45,-5.87,-4.29,-7.7,-6.86,-6.08,2.5100000000000002,-3.2800000000000002,-5.65,6.26,3.97,-2.46,7.42,6.17,3.67,78.78,90.74,98.17,67.65,81.31,91.83,53.51,61.44,76.18,46.15,30.740000000000002,46.92,65.66,12.92,1.74,107.95,16.69,342.8,150.38,6.890000000000001,340.23,3.5700000000000003,4.8500000000000005,5.49,4.0600000000000005,4.21,4.5,4.83,4.64,4.59,5.63,5.48,5.11,4.92,6.2,6.25,5.26,5.62,6.98,6.59,5.96,7.46,3.66,3.83,3.06,1.05,3.85,3.16,-0.8,2.99,2.77,-0.84,3.06,3.72,-2.48,3.22,5.22,-2.72,1.3,5.8500000000000005,-0.32,1.76,4.19,10.06,10.11,10.11,10.03,10.02,10.0,9.98,9.9,9.88,9.870000000000001,9.82,9.82,9.77,7.25,7.24,8.02,6.73,6.8,7.1000000000000005,7.2,7.43,344.91,347.42,357.75,356.04,333.61,1.52,6.37,331.99,337.17,12.290000000000001,338.32,323.45,171.82,336.01,320.89,187.59,233.57,312.03000000000003,196.5,223.35,308.41,0.64,0.62,0.56,0.8300000000000001,0.7000000000000001,0.58,1.06,0.91,0.84,1.16,1.26,0.99,0.86,1.48,1.43,0.92,0.88,1.6,1.42,1.04,1.72
2018-12-21 06:00:00,1.35,1.37,1.37,1.5,1.45,1.4000000000000001,1.6600000000000001,1.56,1.48,1.54,1.6600000000000001,1.61,1.53,1.71,1.8,1.71,1.84,1.97,2.02,2.07,2.05,7.43,7.98,8.290000000000001,6.73,7.49,7.97,6.3100000000000005,6.98,7.45,6.54,6.7700000000000005,7.03,7.11,7.03,6.96,7.0,7.05,7.04,7.0600000000000005,7.0200000000000005,7.13,102.84,119.17,127.10000000000001,103.02,117.07000000000001,122.75,82.51,117.14,122.06,97.04,119.29,123.0,118.96000000000001,116.91,99.27,97.5,15.47,340.85,152.79,331.7,340.04,-7.04,-4.84,-3.13,-9.58,-6.91,-4.91,-10.71,-8.58,-6.74,-7.4,-7.41,-6.67,2.95,0.01,-3.69,6.18,5.38,2.33,7.45,6.33,5.37,72.5,90.72,100.36,55.07,77.59,93.66,42.56,56.07,77.01,45.2,35.43,47.78,82.51,34.1,10.49,126.21000000000001,49.88,353.48,157.64000000000001,163.47,344.6,3.74,4.41,4.44,4.4,4.04,5.17,5.01,4.68,4.91,5.36,5.23,5.28,4.22,4.3500000000000005,6.0,6.09,4.78,6.73,7.57,6.55,5.86,2.96,2.5,1.77,0.81,1.44,1.43,-1.26,0.9400000000000001,1.6600000000000001,-1.31,0.93,2.25,-4.57,-0.24,3.2,-3.91,-2.66,2.09,-0.5700000000000001,-0.48,2.04,10.0,10.03,10.03,9.950000000000001,9.92,9.9,7.7,9.83,9.82,8.370000000000001,9.78,9.81,9.78,9.25,8.36,8.03,7.13,6.640000000000001,7.21,6.95,7.1000000000000005,342.7,335.3,325.86,359.89,333.78000000000003,356.87,11.450000000000001,347.24,350.57,15.040000000000001,347.44,335.55,154.62,206.12,312.41,167.70000000000002,193.48000000000002,301.66,191.06,214.65,237.76,0.73,0.58,0.35000000000000003,1.04,0.76,0.65,1.34,1.06,0.89,1.25,1.27,1.09,0.58,0.68,1.1500000000000001,1.02,0.67,1.23,1.48,1.1400000000000001,0.87
2018-12-21 09:00:00,1.44,1.3900000000000001,1.34,1.7,1.54,1.41,2.02,1.74,1.49,1.77,1.72,1.6,1.6300000000000001,1.68,1.67,1.72,1.84,1.8,1.99,2.05,1.96,6.95,7.71,8.25,6.3,7.01,7.67,6.04,6.5,7.21,6.38,6.7,6.99,6.69,6.87,7.0600000000000005,7.03,6.92,7.03,7.26,7.12,7.09,103.33,117.45,124.48,75.06,116.58,121.85000000000001,10.23,101.01,121.54,74.36,114.44,123.8,119.49000000000001,124.11,124.78,123.08,107.12,98.38,161.22,280.12,326.03000000000003,-8.93,-7.390000000000001,-5.82,-11.18,-9.32,-7.58,-13.19,-10.89,-7.86,-2.71,-5.5200000000000005,-6.84,6.16,7.03,1.04,4.0200000000000005,5.21,6.26,5.5,4.7,3.5700000000000003,56.53,83.92,99.78,35.17,59.730000000000004,87.16,23.89,36.04,70.11,46.26,37.24,49.94,111.91,81.95,31.91,133.69,108.45,11.48,159.65,174.52,323.22,4.16,3.91,5.8500000000000005,4.94,4.3,5.6000000000000005,5.66,4.94,4.88,7.07,5.04,5.11,8.18,7.69,5.21,7.3500000000000005,6.57,6.22,7.97,5.0600000000000005,6.69,1.9100000000000001,1.04,0.67,1.31,1.01,0.72,0.09,0.23,0.71,-1.1500000000000001,-0.64,0.29,-6.17,-2.42,1.84,-5.01,-4.5200000000000005,1.96,-3.24,-2.11,3.08,9.950000000000001,9.94,9.96,7.7700000000000005,9.85,9.85,5.66,8.31,9.81,7.69,9.040000000000001,9.870000000000001,9.84,9.9,10.0,9.21,8.61,8.61,8.03,6.96,6.84,347.55,340.59000000000003,3.9,359.61,350.67,359.66,7.26,356.47,357.29,30.47,357.73,354.81,129.64000000000001,168.84,350.94,146.72,154.29,230.26,180.21,159.86,234.18,0.93,0.7000000000000001,0.61,1.35,1.03,0.79,1.79,1.3800000000000001,1.01,1.6300000000000001,1.28,1.02,0.97,0.9400000000000001,0.67,1.11,0.86,0.25,1.43,0.85,0.75
2018-12-21 12:00:00,1.47,1.41,1.33,1.6500000000000001,1.61,1.4000000000000001,1.83,1.71,1.48,1.86,1.68,1.54,1.6400000000000001,1.68,1.59,1.68,1.78,1.71,1.95,2.02,1.95,6.8,7.46,7.98,6.4,6.8100000000000005,7.51,6.38,6.71,7.19,6.29,6.91,7.140000000000001,6.86,6.91,7.07,7.29,7.17,7.05,7.5600000000000005,7.32,7.19,103.87,117.3,122.7,75.0,110.26,121.19,10.46,113.14,122.28,35.14,122.72,123.95,120.49000000000001,124.19,123.33,129.6,129.09,105.28,164.28,200.57,296.47,-7.91,-7.12,-6.47,-7.58,-8.4,-6.05,-1.3900000000000001,-3.59,-4.86,2.12,1.54,-0.16,0.37,-2.05,-3.25,1.86,0.29,-1.03,0.9500000000000001,1.1400000000000001,2.99,47.800000000000004,75.69,95.27,30.39,45.11,83.03,33.06,32.37,69.2,61.72,51.19,59.09,115.23,98.05,53.33,137.96,145.75,49.72,161.55,182.1,242.8,4.55,3.93,3.73,5.18,4.7700000000000005,3.96,6.12,5.24,4.57,6.140000000000001,5.37,4.7700000000000005,4.93,5.94,5.9,,,5.9,,,,2.98,2.05,1.31,3.97,2.23,1.79,-0.8,2.18,1.59,-10.03,-2.73,2.24,-4.72,-4.75,-0.24,-1.8900000000000001,-1.1300000000000001,0.38,-0.65,0.04,0.52,9.91,9.89,9.94,7.96,9.07,9.86,6.01,9.05,9.86,6.72,9.870000000000001,9.96,9.91,10.0,10.07,9.72,9.38,8.540000000000001,8.89,7.86,6.8,347.01,340.72,344.78000000000003,354.35,344.46,337.42,45.550000000000004,349.91,345.75,70.62,54.69,342.79,100.15,42.93,345.2,,,345.2,,,,1.02,0.79,0.59,1.32,1.1500000000000001,0.73,1.57,1.34,0.87,1.5,0.74,0.6,1.23,0.76,1.18,,,1.18,,,
2018-12-21 15:00:00,1.41,1.3800000000000001,1.31,1.5,1.54,1.37,1.6600000000000001,1.7,1.45,1.74,1.72,1.51,1.62,1.7,1.59,1.6400000000000001,1.77,1.7,1.9000000000000001,1.99,1.94,6.97,7.46,7.91,6.72,7.04,7.58,6.53,6.7700000000000005,7.3,6.45,6.73,7.01,7.12,6.98,6.8500000000000005,7.54,7.38,7.18,7.75,7.53,7.3500000000000005,104.55,117.07000000000001,121.73,106.07000000000001,117.57000000000001,121.69,87.60000000000001,120.9,123.59,62.620000000000005,122.83,123.56,125.41,126.68,124.88000000000001,140.20000000000002,140.65,135.15,169.59,174.73,188.94,-4.45,-5.5,-5.09,-5.67,-4.3,-3.62,-6.12,-5.82,-2.25,-3.74,-8.28,-6.42,2.88,-0.9400000000000001,-5.54,3.83,4.16,2.93,3.21,3.35,2.91,51.82,75.58,94.66,41.17,50.25,86.33,41.44,33.55,73.58,65.07000000000001,50.96,55.67,112.57000000000001,104.51,58.69,142.86,159.83,165.33,164.20000000000002,184.93,211.76,4.66,4.23,4.01,5.36,5.0200000000000005,3.99,5.78,5.79,4.8500000000000005,5.97,5.83,5.32,3.85,5.8500000000000005,5.47,3.85,,,,,,3.94,2.19,1.48,2.59,2.49,2.17,-0.27,-1.58,3.15,-2.12,-2.42,0.8,-0.61,-0.77,0.48,-1.11,0.17,0.96,0.39,1.97,3.38,9.91,9.9,9.950000000000001,9.83,9.85,9.94,8.19,9.870000000000001,9.950000000000001,7.3100000000000005,9.99,10.03,9.89,9.98,10.040000000000001,9.6,9.66,9.83,9.01,8.950000000000001,8.36,339.93,334.52,342.34000000000003,355.54,332.5,331.45,4.94,354.8,322.41,39.42,3.8000000000000003,333.34000000000003,119.68,7.48,349.25,119.68,,,,,,0.96,0.76,0.6,1.19,1.0,0.59,1.37,1.42,0.72,1.35,1.3,1.0,0.48,1.22,1.16,0.48,,,,,
2018-12-21 18:00:00,1.3800000000000001,1.35,1.28,1.3900000000000001,1.48,1.35,1.51,1.72,1.49,1.58,1.79,1.51,1.59,1.71,1.61,1.6,1.78,1.73,1.82,1.93,1.92,7.0,7.54,7.99,6.94,7.16,7.61,6.72,6.65,6.94,6.67,6.65,6.87,7.3,7.12,6.93,7.73,7.55,7.32,7.83,7.67,7.53,104.19,117.61,119.89,108.01,119.51,119.69,101.51,105.99000000000001,122.08,89.39,110.41,124.05,131.35,134.84,131.07,146.45000000000002,155.98,146.45000000000002,172.08,184.95000000000002,178.79,-6.66,-4.72,-3.5100000000000002,-5.89,-6.7,-4.88,-3.9,-8.96,-8.32,-0.3,-4.72,-6.01,3.0,2.02,0.24,2.77,3.22,3.65,3.35,3.34,3.37,52.95,78.91,98.04,51.13,59.38,89.14,50.34,29.01,52.04,68.64,42.95,44.67,114.29,116.74000000000001,83.99,145.84,167.56,184.23,165.86,185.99,205.71,4.72,4.37,3.8000000000000003,5.1000000000000005,5.12,4.64,5.7700000000000005,5.69,5.21,5.92,5.8100000000000005,5.44,4.12,,5.49,,,,,,,2.89,1.48,1.32,3.31,-0.02,1.56,2.17,1.29,1.51,0.16,2.63,1.9100000000000001,-1.83,-1.08,0.78,-0.84,-1.93,-0.79,0.29,-0.8300000000000001,0.68,9.99,9.950000000000001,10.0,9.89,9.950000000000001,10.02,8.98,8.66,10.03,7.97,8.67,10.01,9.790000000000001,9.790000000000001,9.86,9.47,9.38,9.6,8.97,8.870000000000001,9.16,341.7,334.67,326.21,353.29,337.3,319.6,2.64,347.07,333.42,12.99,352.32,336.79,127.54,,329.43,,,,,,,0.92,0.75,0.51,1.0,0.98,0.66,1.27,1.35,1.02,1.34,1.59,1.04,0.43,,0.97,,,,,,
2018-12-21 21:00:00,1.36,1.35,1.25,1.34,1.46,1.36,1.3900000000000001,1.68,1.54,1.47,1.78,1.55,1.56,1.75,1.6400000000000001,1.56,1.78,1.76,1.71,1.84,1.87,7.0,7.46,7.95,7.04,7.0200000000000005,7.28,6.91,6.53,6.66,6.86,6.74,6.84,7.36,7.21,7.11,7.79,7.62,7.46,7.8,7.69,7.65,102.74000000000001,113.33,119.56,107.55,116.96000000000001,120.65,110.69,115.28,122.37,116.23,125.86,127.86,136.82,143.66,139.93,153.88,168.43,163.21,174.88,186.83,189.69,-6.24,-6.8500000000000005,-5.72,-5.16,-7.18,-7.45,-3.75,-7.1000000000000005,-6.2700000000000005,1.8,-3.48,-3.6,5.51,2.7800000000000002,0.05,4.21,3.89,3.5,3.3000000000000003,3.14,2.95,53.9,78.26,99.69,56.550000000000004,57.230000000000004,76.85000000000001,60.550000000000004,21.85,28.060000000000002,75.81,40.38,40.76,120.85000000000001,129.63,152.66,146.77,171.69,191.93,165.46,185.22,202.47,4.67,4.51,4.0600000000000005,4.94,5.01,4.76,5.37,5.5,5.07,,5.92,5.71,7.87,8.42,,,,,,,,3.68,1.33,1.25,3.71,2.52,1.72,3.15,4.1,1.71,0.45,1.83,1.74,-2.5,-2.22,-0.7000000000000001,-1.6400000000000001,-2.58,-1.82,-0.59,-1.6500000000000001,-1.68,10.120000000000001,10.040000000000001,10.02,10.03,10.07,10.040000000000001,10.040000000000001,9.35,10.03,9.93,9.19,9.86,9.65,9.57,9.64,9.34,9.13,9.33,8.84,8.78,8.91,339.72,332.95,326.13,349.28000000000003,334.75,331.68,354.12,342.39,336.51,,351.06,323.48,174.1,184.23,,,,,,,,0.9,0.77,0.54,0.92,0.96,0.8200000000000001,1.05,1.28,1.12,,1.48,0.9,0.96,1.05,,,,,,,
2018-12-22 00:00:00,1.33,1.35,1.25,1.29,1.47,1.35,1.29,1.6300000000000001,1.52,1.3800000000000001,1.73,1.61,1.53,1.77,1.68,1.49,1.75,1.75,1.59,1.73,1.78,7.01,7.3,7.640000000000001,7.15,6.78,7.01,7.1000000000000005,6.54,6.67,6.99,6.88,6.9,7.33,7.19,7.26,7.72,7.55,7.54,7.65,7.61,7.66,104.65,115.51,122.48,108.43,118.04,121.43,112.74000000000001,124.14,124.84,119.99000000000001,137.67000000000002,135.07,139.39000000000001,155.83,153.11,154.87,176.06,178.77,175.11,188.33,194.73000000000002,-5.7700000000000005,-5.69,-6.07,-5.26,-6.5200000000000005,-6.01,-1.45,-4.99,-5.34,4.49,-1.31,-4.71,4.67,3.4,-0.01,3.86,3.12,2.7800000000000002,4.41,2.52,1.57,56.45,74.28,95.15,63.050000000000004,44.84,65.34,72.64,19.7,17.23,88.93,57.42,327.85,126.10000000000001,148.28,196.73000000000002,145.8,172.11,194.06,162.98,182.79,199.53,4.59,4.49,3.93,4.92,4.86,4.54,5.12,5.28,5.41,8.68,5.71,5.89,8.28,8.66,,,,,,,,3.72,3.42,2.3000000000000003,2.56,4.58,3.04,1.5,4.72,2.39,-1.36,1.6,1.31,-2.87,-3.88,-1.12,-2.69,-4.4,-2.89,-2.08,-2.71,-2.59,10.18,10.07,9.98,10.11,10.09,9.99,10.05,9.98,9.89,9.86,9.68,9.67,9.540000000000001,9.35,9.43,9.200000000000001,8.93,9.03,8.68,8.64,8.76,338.37,331.3,330.03000000000003,352.85,331.78000000000003,327.22,359.36,335.05,326.84000000000003,171.43,340.36,326.19,173.46,179.94,,,,,,,,0.87,0.8,0.62,0.8300000000000001,1.01,0.85,0.85,1.21,1.08,0.96,1.28,1.09,0.9500000000000001,1.18,,,,,,,
2018-12-22 03:00:00,1.3,1.32,1.23,1.29,1.44,1.32,1.27,1.56,1.48,1.36,1.67,1.6400000000000001,1.46,1.74,1.71,1.41,1.68,1.71,1.5,1.6300000000000001,1.69,6.94,7.2,7.43,6.890000000000001,6.75,6.92,6.890000000000001,6.7700000000000005,6.75,6.69,6.97,6.97,7.2700000000000005,7.13,7.25,7.57,7.45,7.48,7.49,7.5,7.57,106.4,117.75,122.42,109.29,120.68,122.74000000000001,115.16,131.58,130.34,122.03,144.59,144.62,142.24,164.32,169.53,155.5,178.69,185.25,170.99,186.74,194.13,-6.390000000000001,-5.79,-5.26,-7.2,-6.05,-5.2,0.6900000000000001,-2.5500000000000003,-5.26,6.640000000000001,1.45,-5.34,4.29,3.96,1.51,2.89,2.4,2.06,3.22,1.7,0.49,56.25,72.72,90.86,60.81,43.5,61.95,86.25,44.26,7.05,110.33,124.84,269.43,127.28,157.43,201.97,142.48,170.32,192.47,158.85,178.43,194.35,4.5200000000000005,4.5,4.0200000000000005,4.84,4.93,4.8,5.7,5.18,5.45,7.69,7.78,5.92,8.58,5.96,4.42,,,2.75,,,,3.42,3.1,2.54,1.76,3.17,2.61,-1.74,2.35,2.15,-3.86,0.1,1.58,-3.86,-3.89,-1.54,-3.56,-3.89,-4.97,-2.95,-3.59,-4.55,10.16,10.05,9.88,10.09,10.01,9.82,9.98,9.8,9.700000000000001,9.77,9.52,9.51,9.41,9.14,9.14,9.06,8.77,8.82,8.52,8.46,8.59,337.14,327.81,327.18,353.94,329.38,322.95,75.10000000000001,330.24,320.71,161.15,199.24,323.37,171.87,157.39000000000001,236.51,,,148.06,,,,0.85,0.8,0.66,0.86,0.98,0.84,0.86,1.06,0.98,0.97,1.06,1.02,0.9500000000000001,0.8300000000000001,0.68,,,0.42,,,
2018-12-22 06:00:00,1.26,1.27,1.18,1.33,1.3900000000000001,1.29,1.31,1.5,1.47,1.35,1.61,1.6300000000000001,1.3900000000000001,1.6600000000000001,1.69,1.34,1.59,1.6400000000000001,1.42,1.55,1.62,6.94,7.19,7.4,6.67,6.890000000000001,6.97,6.6000000000000005,6.98,6.87,6.44,6.97,7.0200000000000005,7.0600000000000005,7.03,7.16,7.36,7.32,7.37,7.4,7.390000000000001,7.43,107.62,119.65,122.52,112.16,126.25,126.24000000000001,117.24000000000001,138.28,138.19,122.07000000000001,154.94,160.55,142.38,170.19,178.05,149.58,180.16,188.69,166.88,181.85,188.23,-5.9,-5.12,-3.99,-6.11,-4.75,-4.6000000000000005,1.6400000000000001,-2.02,-5.32,4.93,2.0,-3.38,5.45,4.8100000000000005,1.86,3.9,3.98,1.97,3.12,1.95,2.18,59.08,76.75,92.11,56.49,63.97,75.36,96.37,108.83,206.18,120.71000000000001,153.45000000000002,222.87,128.69,157.67000000000002,195.96,138.73,167.11,189.12,154.28,171.86,186.33,4.5,4.49,4.29,4.7,4.91,4.94,6.24,5.17,5.4,4.14,7.19,5.75,3.48,8.61,4.3500000000000005,3.2,,4.3500000000000005,,,,2.64,2.19,1.41,-0.09,1.82,1.1300000000000001,-4.96,0.39,1.86,-5.25,-2.0,1.74,-4.01,-4.11,-3.94,-3.96,-2.87,-4.49,-2.99,-3.61,-4.3500000000000005,10.1,9.94,9.76,10.0,9.82,9.68,9.870000000000001,9.620000000000001,9.56,9.67,9.34,9.290000000000001,9.290000000000001,8.94,8.9,8.96,8.6,8.65,8.41,8.24,8.39,336.96,326.49,323.07,350.67,327.91,320.78000000000003,136.5,324.89,319.25,147.0,177.26,323.41,125.91,180.52,86.52,109.97,,86.52,,,,0.81,0.76,0.63,0.96,0.9,0.81,0.85,0.9500000000000001,0.92,0.78,1.02,0.97,0.49,1.1300000000000001,0.52,0.31,,0.52,,,
2018-12-22 09:00:00,1.25,1.26,1.1500000000000001,1.37,1.3800000000000001,1.29,1.3900000000000001,1.46,1.47,1.44,1.59,1.58,1.37,1.6,1.61,1.32,1.53,1.57,1.4000000000000001,1.54,1.6300000000000001,6.78,7.07,7.34,6.44,6.91,7.01,6.25,7.0200000000000005,6.91,5.95,6.75,7.03,6.62,6.73,7.1000000000000005,6.98,7.07,7.25,7.16,7.09,7.04,110.55,123.39,124.92,116.12,131.85,133.09,124.02,143.4,150.96,127.27,160.21,172.59,141.19,171.42000000000002,180.91,149.18,176.42000000000002,187.34,161.38,175.79,183.42000000000002,-7.19,-6.72,-5.3500000000000005,-7.78,-6.74,-5.8,2.08,-3.27,-6.37,7.95,4.72,-2.11,6.37,6.32,3.23,5.73,4.74,3.3000000000000003,5.7700000000000005,3.96,4.2700000000000005,55.59,79.55,96.65,49.84,86.5,116.91,102.10000000000001,132.97,185.78,130.24,157.42000000000002,205.4,132.4,154.9,190.61,138.34,161.13,184.18,150.97,161.48,172.66,4.4,4.47,4.69,4.82,4.9,5.01,5.66,5.0200000000000005,5.32,7.28,8.3,5.49,6.15,5.99,,6.13,4.47,,6.47,5.0600000000000005,4.69,2.36,-0.73,-1.6300000000000001,0.51,-0.9400000000000001,-1.56,-3.56,-0.92,-0.85,-5.46,-2.65,-0.5,-4.82,-4.96,-2.74,-3.7600000000000002,-4.71,-3.7600000000000002,-2.67,-5.55,-6.5600000000000005,9.99,9.78,9.66,9.84,9.66,9.57,8.25,9.48,9.41,7.88,9.15,9.06,9.200000000000001,8.78,8.75,8.88,8.43,8.47,8.28,8.03,8.16,337.74,336.98,336.02,355.31,340.26,332.53000000000003,107.02,332.61,332.77,149.02,166.82,329.65000000000003,148.17000000000002,146.99,,159.36,149.37,,173.16,136.97,140.01,0.8200000000000001,0.79,0.67,0.99,0.9,0.8300000000000001,1.04,0.85,0.9400000000000001,1.17,1.04,0.9400000000000001,0.81,0.81,,0.72,0.63,,0.73,0.78,0.8
2018-12-22 12:00:00,1.31,1.29,1.19,1.37,1.45,1.32,1.56,1.49,1.48,1.52,1.61,1.52,1.4000000000000001,1.57,1.52,1.35,1.55,1.6,1.44,1.61,1.71,6.37,6.82,7.0200000000000005,6.3100000000000005,6.5600000000000005,6.92,5.88,6.69,6.79,5.79,6.4,6.93,6.18,6.45,7.01,6.5600000000000005,6.61,6.78,6.76,6.57,6.5600000000000005,113.59,127.89,130.56,116.57000000000001,135.68,140.81,135.35,148.97,161.1,135.98,162.29,174.53,141.28,169.12,183.31,145.53,172.41,182.66,155.20000000000002,170.1,178.70000000000002,-8.09,-7.24,-6.72,-3.8000000000000003,-8.21,-6.68,7.47,-1.76,-6.92,8.63,6.44,-0.8,8.02,6.62,4.55,7.24,5.8500000000000005,5.43,4.8500000000000005,4.28,5.2,37.44,73.91,96.35000000000001,51.68,62.870000000000005,129.94,117.81,125.92,175.88,137.27,158.31,197.02,140.85,153.61,184.63,144.75,153.93,170.22,147.61,150.0,158.72,4.42,4.3100000000000005,3.7600000000000002,4.72,4.72,4.38,5.82,4.93,5.2,5.79,7.24,6.140000000000001,8.81,7.26,5.86,7.44,7.07,7.6000000000000005,5.13,4.97,8.370000000000001,2.47,0.67,-1.77,0.97,0.91,-1.35,-3.33,-0.03,-0.67,-4.0200000000000005,-4.5200000000000005,0.38,-2.93,-5.01,-2.83,-1.96,-6.01,-6.15,-5.21,-7.390000000000001,-7.41,9.82,9.65,9.57,9.700000000000001,9.540000000000001,9.46,6.73,9.33,9.19,7.140000000000001,8.98,8.88,9.09,8.64,8.6,8.75,8.26,8.290000000000001,8.13,7.86,7.94,339.85,339.96,4.04,359.68,346.03000000000003,357.08,155.33,348.16,342.43,151.36,162.36,323.81,158.99,154.4,166.96,169.55,146.8,149.17000000000002,155.09,136.89000000000001,149.87,0.9400000000000001,0.8200000000000001,0.67,0.9400000000000001,0.99,0.75,1.25,1.05,0.9500000000000001,1.32,1.24,0.97,1.16,1.02,0.79,0.93,0.9400000000000001,1.01,0.8,0.91,1.33
2018-12-22 15:00:00,1.3900000000000001,1.36,1.23,1.41,1.48,1.35,1.68,1.57,1.46,1.57,1.6,1.47,1.44,1.57,1.52,1.37,1.61,1.7,1.46,1.6400000000000001,1.72,6.09,6.5,6.87,6.13,6.37,6.76,5.75,6.3,6.67,5.64,6.22,6.7700000000000005,5.97,6.2,6.63,6.37,6.2700000000000005,6.3100000000000005,6.5600000000000005,6.37,6.42,114.68,132.01,137.89000000000001,119.56,140.44,154.65,146.36,152.20000000000002,166.6,142.22,159.36,176.09,139.68,166.42000000000002,179.42000000000002,146.88,168.52,177.23,154.96,164.70000000000002,170.69,-6.53,-7.13,-6.4,-0.84,-5.38,-6.71,8.1,-0.05,-5.54,9.73,6.25,-0.99,7.88,7.55,5.48,5.79,5.3100000000000005,5.8100000000000005,3.27,4.0200000000000005,4.55,11.85,47.47,99.3,68.12,25.55,139.86,137.19,133.56,196.22,142.77,159.39000000000001,194.18,146.24,154.5,173.5,146.32,149.02,157.81,143.78,144.49,151.95000000000002,4.78,4.46,4.16,4.9,4.82,4.75,5.5,5.12,5.05,5.13,6.71,6.2,7.86,8.75,7.53,6.34,6.8,7.38,5.04,6.55,6.99,5.55,3.12,0.2,0.39,5.07,0.76,-4.5200000000000005,0.59,2.91,-3.2600000000000002,-3.56,0.66,-3.39,-4.36,-4.5600000000000005,-3.77,-6.62,-7.09,-5.04,-6.36,-6.88,9.69,9.56,9.47,8.42,9.42,9.25,5.89,9.17,8.97,6.5600000000000005,8.85,8.72,8.97,8.52,8.44,8.57,8.11,8.1,7.99,7.75,7.78,334.45,336.33,352.18,355.5,335.51,342.14,155.19,309.81,339.51,154.43,165.3,319.44,158.33,158.5,161.18,154.23,146.04,147.59,146.69,140.83,145.59,1.08,0.9400000000000001,0.75,1.11,1.05,0.85,1.51,1.1300000000000001,0.93,1.41,1.29,0.97,1.23,1.23,0.96,0.9400000000000001,1.1300000000000001,1.24,0.86,1.19,1.31
2018-12-22 18:00:00,1.36,1.36,1.22,1.54,1.44,1.35,1.85,1.61,1.45,1.74,1.7,1.47,1.49,1.69,1.6500000000000001,1.4000000000000001,1.68,1.78,1.46,1.6400000000000001,1.7,6.08,6.51,6.99,5.93,6.42,6.69,5.67,6.16,6.46,5.54,5.92,6.47,5.83,5.92,6.140000000000001,6.18,6.09,6.140000000000001,6.41,6.23,6.29,114.8,135.32,147.69,129.89000000000001,145.37,160.03,151.14000000000001,157.94,169.37,153.16,164.07,179.11,145.45000000000002,164.59,175.4,148.33,164.25,172.59,152.77,159.57,165.25,-3.36,-4.91,-4.57,5.7700000000000005,-2.43,-5.03,10.52,3.19,-6.2,10.86,8.73,1.69,7.92,8.23,7.33,6.29,6.61,6.5,5.0200000000000005,5.3500000000000005,6.140000000000001,10.370000000000001,37.85,122.64,107.64,25.7,176.94,149.59,186.08,235.9,148.26,161.15,187.8,146.37,153.81,163.18,143.94,146.20000000000002,152.54,140.82,141.54,148.05,5.03,4.7700000000000005,4.34,5.4,5.0200000000000005,4.73,5.82,6.0200000000000005,4.97,5.44,6.8500000000000005,7.41,6.8,6.15,7.99,8.41,7.97,7.73,8.01,8.0,7.95,4.09,2.04,0.91,-1.36,1.6500000000000001,2.34,-4.05,-0.23,2.75,-3.67,-4.44,-0.92,-4.8,-6.23,-6.2,-4.26,-6.2,-6.69,-4.3500000000000005,-6.18,-6.0600000000000005,9.61,9.450000000000001,9.3,7.66,9.25,9.040000000000001,6.2,7.87,8.83,5.41,7.19,8.57,7.47,7.8,8.26,8.36,7.96,7.91,7.8500000000000005,7.66,7.66,324.16,331.41,337.49,171.12,330.24,333.31,160.88,196.96,338.72,155.99,168.36,178.20000000000002,154.44,157.77,162.95000000000002,152.91,148.09,150.22,149.25,144.17000000000002,146.79,0.99,0.96,0.7000000000000001,1.2,1.02,0.8300000000000001,1.6600000000000001,1.32,0.97,1.62,1.53,1.11,1.34,1.48,1.33,1.22,1.45,1.51,1.26,1.4000000000000001,1.45
2018-12-22 21:00:00,1.44,1.33,1.19,1.9000000000000001,1.44,1.3,2.07,1.77,1.42,1.9000000000000001,1.97,1.62,1.6400000000000001,1.9100000000000001,1.87,1.49,1.79,1.87,1.51,1.7,1.77,5.97,6.54,7.07,5.8100000000000005,6.37,6.68,5.78,5.97,6.390000000000001,5.63,5.78,6.05,5.69,5.84,5.91,5.95,5.94,5.99,6.13,5.99,6.04,124.97,139.55,154.0,159.64000000000001,145.70000000000002,158.96,160.4,164.05,170.97,152.04,166.70000000000002,172.65,145.87,152.59,162.9,148.44,153.23,155.88,150.14000000000001,156.6,162.41,3.86,-4.15,-3.67,10.74,0.17,-3.5300000000000002,11.08,7.62,-1.45,10.64,10.040000000000001,5.99,8.97,9.0,8.120000000000001,7.22,7.55,7.73,5.36,6.34,7.11,53.09,40.11,147.97,153.94,179.81,195.22,153.89000000000001,177.72,230.62,148.0,159.98,178.06,145.9,151.38,157.25,142.13,144.36,148.94,138.23,139.44,145.25,5.39,4.92,4.54,6.1000000000000005,5.36,4.83,6.24,6.6000000000000005,5.07,5.84,6.1000000000000005,7.66,5.2,5.66,6.08,7.03,6.66,6.4,7.75,7.75,7.78,2.71,1.45,2.19,-3.77,0.41000000000000003,3.47,-4.75,-2.41,2.0300000000000002,-5.13,-6.65,-4.7700000000000005,-5.25,-6.94,-7.21,-4.8100000000000005,-6.87,-7.26,-6.01,-7.12,-7.16,8.65,9.290000000000001,9.1,6.37,9.07,8.91,6.22,7.18,8.700000000000001,5.8,5.96,8.41,5.88,5.64,6.7,7.42,6.6000000000000005,6.22,7.72,7.59,7.5600000000000005,250.36,324.04,322.76,169.4,306.43,321.41,159.95000000000002,176.19,329.54,153.16,162.08,167.17000000000002,151.76,152.56,154.23,149.15,145.92000000000002,146.45000000000002,146.1,143.19,144.99,1.03,0.91,0.63,1.62,1.09,0.77,1.94,1.61,0.9400000000000001,1.81,1.86,1.46,1.56,1.81,1.67,1.3800000000000001,1.6400000000000001,1.7,1.3800000000000001,1.54,1.58
2018-12-23 00:00:00,1.75,1.3,1.16,2.3000000000000003,1.6,1.26,2.29,2.09,1.51,2.09,2.25,1.98,1.82,2.13,2.14,1.62,1.94,2.0100000000000002,1.61,1.78,1.85,5.92,6.49,7.09,5.99,6.2,6.69,5.98,5.98,6.17,5.79,5.98,5.8100000000000005,5.74,5.95,5.94,5.8,5.89,5.94,5.9,5.9,5.96,144.46,141.67000000000002,154.65,166.87,157.63,161.70000000000002,157.76,174.43,174.01,148.44,164.48,171.01,144.56,153.64000000000001,160.84,144.97,144.71,150.65,150.03,145.06,151.85,8.81,-2.07,-3.22,11.92,5.24,-1.55,11.31,9.86,3.6,10.63,9.86,9.3,8.71,8.61,8.370000000000001,6.97,7.66,7.49,4.95,6.13,6.62,161.62,209.76,169.11,159.92000000000002,192.79,201.87,152.44,169.66,199.41,145.84,156.47,163.33,144.45000000000002,148.27,152.05,139.62,142.54,145.78,135.3,138.33,143.37,6.2700000000000005,5.59,4.96,6.58,6.98,,6.67,6.76,8.23,6.25,6.48,6.78,5.78,6.34,6.29,6.640000000000001,6.04,6.07,7.44,6.5,6.3500000000000005,-1.73,2.0,1.48,-5.2700000000000005,-1.43,2.6,-6.0200000000000005,-5.32,-1.26,-6.2,-7.3,-7.53,-6.01,-7.8,-8.58,-6.19,-7.53,-8.23,-7.15,-7.3100000000000005,-7.47,7.63,9.11,8.96,6.55,7.78,8.790000000000001,6.66,6.54,7.8100000000000005,6.22,6.45,6.12,5.76,6.33,6.24,6.49,6.01,6.0600000000000005,7.51,6.16,5.98,175.37,308.95,319.96,162.34,180.17000000000002,,154.55,167.86,179.15,148.37,157.27,162.99,148.1,148.85,152.01,143.93,144.46,145.44,140.61,141.77,144.71,1.55,0.86,0.73,2.21,1.48,,2.24,2.07,1.35,2.04,2.19,1.81,1.76,2.08,2.06,1.55,1.87,1.93,1.52,1.69,1.75
2018-12-23 03:00:00,2.24,1.4000000000000001,1.1300000000000001,2.62,2.02,1.3,2.52,2.46,1.87,2.23,2.43,2.34,1.94,2.24,2.3000000000000003,1.73,2.0100000000000002,2.09,1.6500000000000001,1.78,1.86,6.07,6.38,7.09,6.32,6.16,6.5600000000000005,6.22,6.19,5.95,5.98,6.21,6.07,5.86,6.09,6.09,5.8,5.96,6.0,5.87,5.91,5.97,162.13,146.23,152.54,162.53,171.19,164.05,153.95000000000002,172.23,175.69,145.20000000000002,160.4,170.93,142.98,152.47,158.24,142.09,146.84,151.32,145.65,144.86,149.36,11.700000000000001,2.5500000000000003,-0.9400000000000001,12.24,9.22,2.49,11.52,10.63,8.55,9.99,9.34,8.83,8.03,8.11,7.84,6.51,7.05,6.88,4.97,5.93,6.3,165.24,181.71,180.44,157.13,178.23,198.97,149.75,162.26,176.43,142.71,152.29,157.12,141.32,144.97,147.25,136.75,140.74,142.72,133.64000000000001,137.4,141.07,6.79,6.7700000000000005,,7.16,7.2,8.22,7.0600000000000005,7.11,7.47,6.69,7.01,6.890000000000001,6.3,6.7700000000000005,6.79,6.2700000000000005,6.46,6.5200000000000005,6.84,6.57,6.43,-4.34,0.19,1.1400000000000001,-5.95,-4.82,-0.22,-6.8100000000000005,-7.5,-6.3,-7.17,-7.92,-8.75,-6.82,-7.92,-8.93,-6.8,-7.4,-8.290000000000001,-6.66,-6.68,-7.16,7.22,8.64,8.870000000000001,7.16,7.51,8.63,7.0600000000000005,7.09,7.48,6.67,7.0,6.82,6.29,6.76,6.7700000000000005,6.5200000000000005,6.44,6.49,6.8100000000000005,6.5200000000000005,6.21,168.6,200.42000000000002,,158.69,175.31,185.27,150.31,162.66,170.35,143.58,152.9,157.29,143.35,145.61,147.61,139.51,141.98,143.08,137.73,140.09,142.3,2.12,1.32,,2.57,1.95,1.3800000000000001,2.5,2.41,1.84,2.21,2.4,2.27,1.9000000000000001,2.21,2.25,1.67,1.96,2.04,1.58,1.7,1.77
2018-12-23 06:00:00,2.7,1.76,1.12,2.87,2.47,1.61,2.65,2.7,2.34,2.2800000000000002,2.54,2.5500000000000003,1.99,2.27,2.36,1.76,2.0,2.1,1.6400000000000001,1.74,1.83,6.46,6.41,7.07,6.62,6.390000000000001,6.33,6.41,6.46,6.13,6.12,6.3500000000000005,6.3,5.98,6.17,6.2,5.88,6.0,6.0600000000000005,5.88,5.9,5.93,164.08,169.83,156.17000000000002,155.22,177.6,177.37,149.35,166.6,179.43,142.95000000000002,158.04,164.68,141.45000000000002,150.8,153.91,140.17000000000002,147.23,150.59,145.27,145.12,145.29,12.16,6.72,1.76,11.77,10.03,6.25,10.74,9.98,8.67,9.120000000000001,8.67,8.17,7.0600000000000005,7.15,7.01,5.62,6.12,6.2700000000000005,4.23,4.8100000000000005,5.41,159.36,180.3,183.45000000000002,152.19,168.18,186.24,145.4,155.97,162.73,138.45000000000002,146.94,149.86,137.65,141.04,142.3,134.09,137.93,139.51,132.12,135.27,137.53,7.390000000000001,7.54,,7.6000000000000005,7.58,7.66,7.37,7.47,7.4,6.99,7.2700000000000005,7.25,6.69,7.0,7.01,6.62,6.7,6.72,6.8100000000000005,6.71,6.3100000000000005,-6.8,-3.98,-0.81,-7.59,-7.72,-4.63,-8.07,-8.76,-9.07,-7.87,-8.91,-9.77,-7.19,-8.43,-9.27,-6.7700000000000005,-7.62,-8.120000000000001,-6.54,-7.13,-7.65,7.390000000000001,8.0,8.73,7.6000000000000005,7.59,8.08,7.36,7.46,7.390000000000001,6.97,7.2700000000000005,7.24,6.69,6.99,7.0,6.61,6.69,6.71,6.83,6.71,6.2700000000000005,160.09,179.08,,152.56,168.44,173.68,145.85,156.44,162.16,138.83,147.42000000000002,150.01,138.65,141.52,142.44,136.07,138.71,139.62,135.0,137.21,137.8,2.68,1.9000000000000001,,2.86,2.4,1.83,2.64,2.68,2.2800000000000002,2.2800000000000002,2.5300000000000002,2.52,1.97,2.25,2.33,1.72,1.96,2.05,1.58,1.68,1.75
2018-12-23 09:00:00,2.95,2.19,1.28,2.97,2.75,2.08,2.67,2.82,2.62,2.2800000000000002,2.59,2.61,1.99,2.2600000000000002,2.35,1.74,1.96,2.07,1.58,1.7,1.79,6.76,6.63,6.93,6.8,6.640000000000001,6.34,6.51,6.62,6.44,6.21,6.44,6.45,6.0600000000000005,6.21,6.26,5.94,6.0,6.05,5.89,5.8500000000000005,5.89,158.05,181.28,172.69,151.08,173.34,182.3,144.09,160.31,170.19,137.48,150.82,156.1,139.91,146.32,148.73,139.78,143.11,144.79,141.88,141.79,140.91,11.28,7.7,3.68,10.34,9.120000000000001,7.09,8.9,8.3,7.66,7.7700000000000005,7.17,7.2,6.09,6.18,6.36,4.43,4.84,5.21,2.48,3.27,4.13,153.08,175.5,183.92000000000002,146.01,160.07,172.69,139.05,148.16,153.95000000000002,133.27,140.47,143.52,133.78,136.63,138.1,131.02,133.8,135.21,129.48,131.41,133.03,7.84,7.84,7.83,7.88,7.86,7.69,7.55,7.69,7.61,7.19,7.41,7.43,6.94,7.11,7.13,6.75,6.78,6.76,6.73,6.54,6.3,-8.35,-6.92,-3.79,-8.92,-9.41,-7.66,-9.31,-10.3,-10.11,-8.4,-9.86,-9.91,-7.42,-8.64,-9.07,-6.8,-8.03,-8.61,-6.67,-7.7,-8.09,7.84,7.99,8.41,7.88,7.86,7.79,7.55,7.69,7.6000000000000005,7.19,7.41,7.43,6.93,7.11,7.13,6.76,6.78,6.76,6.75,6.49,6.28,153.68,172.89000000000001,184.19,146.3,160.48,168.57,139.4,148.6,154.05,134.01,140.88,143.52,135.07,137.1,138.04,132.99,134.4,135.17000000000002,131.9,132.91,133.2,2.93,2.32,1.58,2.96,2.72,2.14,2.66,2.81,2.59,2.2600000000000002,2.58,2.59,1.96,2.24,2.33,1.69,1.93,2.0300000000000002,1.54,1.6500000000000001,1.73
2018-12-23 12:00:00,2.95,2.49,1.67,2.97,2.88,2.43,2.66,2.84,2.68,2.25,2.54,2.57,1.94,2.2,2.31,1.69,1.9100000000000001,2.04,1.52,1.6600000000000001,1.75,6.86,6.8100000000000005,6.7700000000000005,6.86,6.79,6.5200000000000005,6.57,6.71,6.61,6.3,6.49,6.5,6.12,6.23,6.28,5.98,5.99,6.04,5.87,5.83,5.87,154.08,178.52,182.24,146.29,165.36,179.0,138.57,153.52,163.61,134.16,146.36,151.1,137.16,142.57,144.96,136.13,138.08,139.06,137.70000000000002,137.14000000000001,135.86,9.31,7.57,4.58,8.91,8.07,6.88,7.63,7.46,6.9,6.47,6.390000000000001,6.44,4.88,5.05,5.46,3.06,3.5700000000000003,4.38,0.9,2.19,3.23,147.02,168.23,180.42000000000002,139.63,151.94,162.25,132.66,141.28,147.24,127.94,135.61,138.86,129.78,132.25,134.07,127.3,128.93,130.3,125.67,126.96000000000001,128.75,8.02,8.11,5.12,8.01,7.98,7.88,7.640000000000001,7.8,7.76,7.36,7.5,7.51,7.09,7.17,7.18,6.88,6.8,6.7700000000000005,6.68,6.4,6.3,-9.56,-8.4,-6.45,-9.870000000000001,-10.38,-9.48,-9.96,-10.370000000000001,-9.99,-8.61,-9.32,-9.6,-7.26,-8.46,-9.15,-6.76,-8.17,-8.82,-6.61,-7.53,-7.87,8.08,8.18,8.15,8.01,8.02,7.87,7.63,7.8,7.76,7.36,7.5,7.51,7.08,7.17,7.18,6.87,6.79,6.76,6.66,6.44,6.3100000000000005,147.20000000000002,165.37,145.33,139.91,151.36,162.18,132.96,141.62,147.42000000000002,128.63,135.89000000000001,138.79,130.7,132.64000000000001,133.9,129.02,129.63,130.12,127.43,127.89,128.31,2.92,2.5100000000000002,1.18,2.97,2.83,2.39,2.66,2.83,2.67,2.23,2.5300000000000002,2.56,1.92,2.18,2.2800000000000002,1.6500000000000001,1.8900000000000001,2.0,1.47,1.61,1.68
2018-12-23 15:00:00,2.87,2.63,2.07,2.91,2.86,2.54,2.59,2.75,2.64,2.17,2.44,2.5100000000000002,1.87,2.13,2.25,1.62,1.86,1.98,1.46,1.6,1.68,6.87,6.91,6.69,6.9,6.87,6.68,6.62,6.72,6.66,6.3500000000000005,6.49,6.5,6.17,6.23,6.28,6.0200000000000005,6.01,6.04,5.87,5.8500000000000005,5.87,150.55,173.26,182.70000000000002,141.70000000000002,159.25,171.41,134.9,148.20000000000002,156.51,131.22,142.17000000000002,145.84,133.76,137.8,140.19,132.2,133.27,134.52,133.22,132.36,131.74,8.16,6.57,5.91,7.67,6.8100000000000005,6.48,7.24,6.5200000000000005,6.36,6.53,5.95,5.9,4.46,4.63,5.09,2.54,3.3000000000000003,4.28,0.17,1.8900000000000001,3.43,142.26,160.43,171.86,134.69,145.76,155.62,128.56,136.91,142.48,124.29,132.1,134.79,126.02,128.22,130.29,123.64,124.78,126.68,121.77,123.25,125.67,8.16,8.370000000000001,8.35,8.11,8.13,8.0,7.73,7.84,7.8100000000000005,7.47,7.53,7.53,7.15,7.2,7.2,6.91,6.82,6.79,6.54,6.4,6.3100000000000005,-9.620000000000001,-9.31,-8.1,-9.81,-10.08,-9.16,-9.15,-9.85,-9.68,-7.53,-8.84,-9.56,-6.58,-8.16,-8.92,-5.89,-7.47,-8.15,-5.78,-6.54,-6.92,8.16,8.31,8.16,8.11,8.13,8.01,7.73,7.84,7.8100000000000005,7.47,7.53,7.53,7.15,7.19,7.2,6.890000000000001,6.8100000000000005,6.79,6.61,6.44,6.32,142.84,153.77,152.15,134.95,146.22,156.1,128.82,137.22,142.76,125.02,132.33,134.68,127.83,128.52,130.26,125.79,125.60000000000001,126.43,122.69,123.69,125.02,2.86,2.42,1.74,2.9,2.85,2.52,2.58,2.74,2.63,2.15,2.44,2.5100000000000002,1.82,2.11,2.24,1.6,1.83,1.94,1.44,1.54,1.61
2018-12-23 18:00:00,2.81,2.69,2.3000000000000003,2.82,2.77,2.58,2.48,2.63,2.6,2.09,2.36,2.45,1.8,2.07,2.2,1.57,1.8,1.9100000000000001,1.4000000000000001,1.53,1.6,6.87,6.92,6.72,6.88,6.84,6.71,6.59,6.68,6.67,6.36,6.46,6.5,6.19,6.23,6.26,6.0600000000000005,6.01,6.01,5.89,5.8500000000000005,5.84,145.78,167.29,177.72,136.14000000000001,154.20000000000002,163.96,131.95,144.56,150.73,128.05,138.15,141.32,129.95,133.47,136.05,128.09,129.17000000000002,131.22,128.29,127.34,128.34,7.55,6.54,6.18,7.46,6.95,7.01,6.84,6.24,6.38,5.94,4.99,4.95,3.91,4.22,4.36,2.11,3.16,3.84,-0.25,1.79,3.22,138.48,152.99,163.95000000000002,131.4,141.61,149.57,125.8,133.84,138.67000000000002,121.43,128.53,131.0,122.45,124.66,126.69,120.10000000000001,121.37,123.81,118.14,119.77,122.94,8.18,8.34,7.57,8.13,8.120000000000001,8.03,7.7700000000000005,7.82,7.82,7.51,7.5200000000000005,7.54,7.18,7.21,7.2,7.03,6.83,6.78,,6.44,6.28,-9.77,-9.73,-8.48,-9.47,-9.74,-9.28,-8.790000000000001,-9.38,-9.35,-7.46,-8.91,-9.43,-6.62,-8.120000000000001,-8.9,-5.7,-7.33,-8.06,-5.18,-6.23,-6.9,8.17,8.34,8.22,8.13,8.120000000000001,8.03,7.76,7.82,7.82,7.51,7.5200000000000005,7.54,7.18,7.2,7.19,6.9,6.83,6.78,6.5600000000000005,6.43,6.3100000000000005,139.04,153.72,155.84,131.65,142.03,150.18,126.09,134.2,139.05,122.15,128.82,131.15,124.16,125.07000000000001,126.76,122.45,122.32000000000001,123.55,,119.28,121.41,2.8000000000000003,2.67,2.12,2.81,2.7600000000000002,2.56,2.47,2.62,2.59,2.06,2.35,2.44,1.76,2.06,2.18,1.6,1.77,1.87,,1.5,1.53
2018-12-23 21:00:00,2.7600000000000002,2.69,2.41,2.68,2.69,2.67,2.35,2.52,2.57,2.02,2.2800000000000002,2.37,1.76,2.02,2.12,1.53,1.74,1.83,1.34,1.46,1.52,6.8500000000000005,6.890000000000001,6.8,6.82,6.78,6.73,6.54,6.63,6.65,6.3500000000000005,6.45,6.47,6.2,6.23,6.22,6.08,6.01,5.97,5.91,5.8500000000000005,5.8100000000000005,143.0,161.99,170.70000000000002,134.29,150.20000000000002,155.97,129.52,141.07,145.62,125.07000000000001,134.17000000000002,137.64000000000001,126.27,129.6,132.48,124.10000000000001,125.60000000000001,128.32,123.52,122.68,124.62,7.0200000000000005,6.41,5.57,6.59,6.5,6.7,5.89,5.61,5.79,4.93,4.22,4.13,3.17,3.23,3.0700000000000003,1.36,2.17,2.5,-0.96,0.85,1.77,135.42000000000002,147.49,157.47,129.01,138.31,143.41,123.11,130.94,134.79,118.35000000000001,124.93,127.45,118.87,121.13,122.93,116.4,117.95,120.51,114.26,115.82000000000001,119.48,8.17,8.31,8.26,8.1,8.05,7.99,7.75,7.79,7.8,7.51,7.51,7.5200000000000005,7.19,7.2,7.15,7.04,6.8100000000000005,6.71,6.34,6.2,6.17,-9.77,-9.66,-8.76,-9.08,-9.63,-10.120000000000001,-8.64,-9.34,-9.66,-7.75,-8.81,-9.46,-6.84,-8.03,-8.88,-5.69,-7.19,-7.95,-4.69,-6.07,-6.8100000000000005,8.18,8.31,8.22,8.1,8.05,7.99,7.75,7.79,7.8,7.51,7.51,7.51,7.19,7.2,7.15,6.91,6.8100000000000005,6.71,6.53,6.4,6.26,136.0,148.11,148.18,129.3,138.78,143.87,123.41,131.34,135.13,119.02,125.15,127.47,120.85000000000001,121.46000000000001,122.85000000000001,119.25,115.78,119.96000000000001,72.23,89.22,106.71000000000001,2.75,2.68,2.1,2.67,2.69,2.66,2.35,2.52,2.5500000000000003,1.99,2.27,2.36,1.71,2.0,2.1,1.55,1.6500000000000001,1.79,0.76,1.1,1.33
2018-12-24 00:00:00,2.71,2.69,2.47,2.5500000000000003,2.64,2.67,2.23,2.41,2.47,1.95,2.18,2.25,1.71,1.94,2.02,1.48,1.6600000000000001,1.73,1.29,1.3800000000000001,1.43,6.8,6.87,6.890000000000001,6.73,6.75,6.78,6.5200000000000005,6.62,6.640000000000001,6.38,6.46,6.43,6.25,6.25,6.19,6.11,6.0200000000000005,5.95,5.92,5.8500000000000005,5.8100000000000005,141.9,156.15,163.32,134.78,145.33,149.59,127.42,137.42000000000002,141.42000000000002,122.43,130.68,134.61,122.89,126.12,128.91,120.45,122.28,124.75,119.15,118.8,120.73,7.16,6.04,3.87,7.04,6.46,5.43,5.48,4.89,4.37,4.37,3.54,3.2,2.86,2.68,2.6,0.96,1.68,1.83,-1.5,0.44,1.25,133.17000000000002,143.16,151.3,127.46000000000001,135.03,138.37,120.8,128.2,131.01,115.54,122.01,124.44,115.67,117.92,119.69,112.84,114.66,116.92,110.08,111.88,115.69,8.13,8.24,8.3,8.01,7.98,8.01,7.74,7.78,7.78,7.51,7.5,7.46,7.19,7.15,7.07,6.88,6.75,6.57,6.34,6.13,5.99,-9.57,-9.8,-9.33,-8.46,-9.4,-9.98,-7.9,-8.620000000000001,-9.18,-7.05,-7.96,-8.74,-5.95,-7.15,-8.06,-5.14,-6.28,-7.15,-4.25,-5.29,-6.12,8.13,8.24,8.24,8.02,7.99,8.01,7.74,7.78,7.78,7.51,7.5,7.46,7.19,7.16,7.07,6.890000000000001,6.7700000000000005,6.62,6.49,6.36,6.17,133.73,143.79,134.21,127.72,135.51,138.74,121.11,128.61,131.27,116.28,122.27,124.45,118.51,111.16,119.43,107.12,93.16,112.51,74.53,84.17,91.59,2.7,2.68,1.82,2.54,2.63,2.66,2.22,2.41,2.46,1.93,2.18,2.24,1.62,1.79,2.0,1.35,1.29,1.6400000000000001,0.81,1.04,1.11
2018-12-24 03:00:00,2.69,2.65,2.46,2.45,2.57,2.57,2.13,2.31,2.35,1.8900000000000001,2.08,2.14,1.6600000000000001,1.85,1.92,1.43,1.58,1.6500000000000001,1.23,1.31,1.36,6.76,6.9,6.92,6.67,6.74,6.74,6.49,6.58,6.55,6.37,6.42,6.37,6.2700000000000005,6.21,6.13,6.11,6.0,5.92,5.91,5.86,5.8100000000000005,139.27,151.26,157.54,132.56,141.18,145.61,125.73,133.93,138.08,120.23,127.86,131.68,119.82000000000001,122.97,125.7,117.13,118.85000000000001,120.63,114.60000000000001,115.0,116.06,7.58,4.94,3.58,7.23,5.86,4.78,5.67,5.24,4.62,4.62,4.0,3.5700000000000003,2.81,2.92,2.88,0.84,1.76,2.0,-1.49,0.42,1.19,131.67000000000002,139.59,145.94,126.37,131.73,134.36,119.22,125.78,127.81,113.7,119.85000000000001,121.93,112.86,115.23,116.85000000000001,109.46000000000001,111.5,113.29,105.7,108.25,111.8,8.05,8.21,8.26,7.94,7.96,7.98,7.74,7.75,7.69,7.51,7.45,7.36,7.12,7.1000000000000005,6.98,6.65,6.6000000000000005,6.53,6.22,6.07,5.9,-9.26,-9.61,-9.24,-7.86,-9.1,-9.790000000000001,-7.6000000000000005,-8.25,-8.86,-7.22,-7.74,-8.26,-6.07,-7.11,-7.87,-5.59,-6.2,-6.94,-4.94,-5.32,-5.98,8.05,8.21,8.26,7.95,7.96,7.98,7.74,7.75,7.69,7.51,7.45,7.36,7.16,7.1000000000000005,6.98,6.8500000000000005,6.7,6.54,6.45,6.3,6.09,132.24,140.25,146.6,126.7,132.23,134.78,119.61,126.21000000000001,128.06,114.48,120.14,121.99000000000001,112.76,114.74000000000001,116.37,95.91,101.08,109.44,79.82000000000001,83.22,88.81,2.67,2.64,2.45,2.45,2.56,2.56,2.12,2.3000000000000003,2.34,1.87,2.08,2.13,1.55,1.81,1.9000000000000001,1.19,1.3900000000000001,1.57,0.92,1.0,1.07
2018-12-24 06:00:00,2.66,2.58,2.4,2.4,2.5,2.48,2.07,2.24,2.29,1.84,2.02,2.08,1.61,1.79,1.87,1.3900000000000001,1.52,1.59,1.2,1.26,1.31,6.74,6.87,6.8500000000000005,6.61,6.66,6.62,6.43,6.48,6.44,6.33,6.3,6.26,6.22,6.11,6.05,6.0600000000000005,5.93,5.8500000000000005,5.8100000000000005,5.8,5.7700000000000005,136.73,147.09,153.47,130.02,137.62,142.74,123.91,131.15,134.91,118.61,125.59,128.44,116.98,119.97,121.63,113.67,115.24000000000001,115.7,110.21000000000001,111.58,111.71000000000001,7.24,4.96,3.63,7.3,5.9,4.68,5.74,5.17,4.76,4.32,3.97,4.33,2.21,2.72,3.12,0.25,1.34,2.08,-1.95,0.14,1.03,130.15,136.43,141.52,124.95,128.72,130.92000000000002,118.15,123.57000000000001,124.93,112.26,117.88,119.81,110.18,112.55,114.05,106.08,107.98,109.5,100.68,104.39,107.51,8.02,8.19,8.2,7.9,7.9,7.86,7.72,7.67,7.58,7.48,7.36,7.2700000000000005,7.11,7.0200000000000005,6.9,6.74,6.5600000000000005,6.47,6.22,6.07,5.9,-9.27,-9.43,-9.120000000000001,-8.13,-9.21,-9.77,-7.7,-8.52,-9.18,-7.3500000000000005,-8.23,-8.620000000000001,-6.7,-7.76,-8.32,-6.03,-6.95,-7.53,-5.84,-6.22,-6.5,8.02,8.19,8.2,7.91,7.9,7.87,7.72,7.67,7.58,7.48,7.36,7.2700000000000005,7.11,7.01,6.9,6.79,6.63,6.47,6.4,6.23,6.03,130.73,137.11,142.22,125.3,129.24,131.38,118.56,124.01,125.23,112.57000000000001,118.19,119.83,112.3,112.44,113.4,97.48,99.56,107.95,79.95,82.98,93.05,2.65,2.57,2.39,2.4,2.49,2.47,2.06,2.23,2.2800000000000002,1.84,2.0100000000000002,2.07,1.55,1.78,1.85,1.22,1.3900000000000001,1.54,0.96,0.99,1.12
2018-12-24 09:00:00,2.62,2.52,2.36,2.4,2.49,2.44,2.05,2.25,2.3000000000000003,1.81,2.0,2.07,1.57,1.76,1.84,1.35,1.49,1.57,1.19,1.24,1.3,6.72,6.7700000000000005,6.7,6.55,6.5600000000000005,6.5200000000000005,6.34,6.36,6.36,6.24,6.19,6.19,6.12,6.0,5.99,5.98,5.82,5.79,5.68,5.7,5.72,134.12,143.63,150.07,127.32000000000001,134.61,139.16,121.84,128.39000000000001,130.97,116.9,122.74000000000001,125.23,114.18,116.51,117.59,110.64,111.36,110.42,107.10000000000001,108.5,107.4,6.4,4.38,3.17,6.41,5.33,4.3,5.2,5.19,4.95,3.7800000000000002,3.42,3.71,1.06,1.6500000000000001,2.39,-0.74,0.42,1.35,-3.35,-1.49,-0.41000000000000003,128.03,133.05,136.65,122.66,125.76,127.7,116.55,121.10000000000001,122.3,110.47,115.38,117.34,107.12,109.05,111.07000000000001,102.47,103.74000000000001,105.58,94.81,99.35000000000001,102.32000000000001,8.0,8.1,8.07,7.8500000000000005,7.78,7.75,7.640000000000001,7.53,7.46,7.41,7.25,7.19,7.05,6.92,6.83,6.61,6.5200000000000005,6.390000000000001,6.24,6.0200000000000005,5.89,-9.67,-9.89,-9.72,-9.06,-10.1,-10.200000000000001,-8.53,-9.47,-9.68,-7.74,-8.870000000000001,-8.92,-7.0600000000000005,-8.35,-8.57,-6.0200000000000005,-7.5,-7.83,-5.7,-6.51,-6.82,8.01,8.1,8.07,7.8500000000000005,7.79,7.75,7.65,7.53,7.46,7.4,7.25,7.19,7.03,6.92,6.83,6.73,6.55,6.42,6.3500000000000005,6.17,6.01,128.63,133.75,137.34,123.02,126.3,128.16,116.98,121.56,122.60000000000001,110.8,115.71000000000001,117.41,107.85000000000001,108.88,110.51,91.52,97.76,102.31,78.85000000000001,83.34,87.54,2.6,2.5100000000000002,2.35,2.39,2.48,2.43,2.05,2.24,2.29,1.8,1.99,2.05,1.6,1.75,1.82,1.23,1.4000000000000001,1.5,1.0,1.03,1.1
2018-12-24 12:00:00,2.57,2.5,2.38,2.44,2.5100000000000002,2.45,2.06,2.27,2.3000000000000003,1.78,1.97,2.04,1.53,1.73,1.8,1.31,1.48,1.56,1.18,1.24,1.31,6.69,6.66,6.57,6.5200000000000005,6.51,6.48,6.3,6.33,6.34,6.2,6.16,6.17,6.07,5.97,5.97,5.93,5.78,5.7700000000000005,5.62,5.66,5.7,132.03,140.88,146.70000000000002,124.68,131.35,136.29,119.55,124.8,127.79,114.61,119.43,121.39,111.04,112.67,114.2,107.16,107.12,106.88,103.99000000000001,104.38,103.65,4.83,3.42,2.94,5.73,4.48,3.98,4.83,4.21,3.95,3.12,2.79,3.08,-0.07,0.5700000000000001,1.04,-2.42,-1.37,-0.35000000000000003,-4.83,-2.72,-1.17,125.19,129.08,131.21,119.86,122.67,124.68,114.35000000000001,118.11,119.55,108.16,112.41,114.14,103.75,105.22,107.54,98.59,98.87,101.21000000000001,89.19,93.60000000000001,96.92,7.97,7.98,7.92,7.75,7.67,7.67,7.5200000000000005,7.41,7.390000000000001,7.3100000000000005,7.17,7.13,6.95,6.84,6.78,6.54,6.46,6.4,6.15,5.98,5.91,-10.09,-10.46,-10.33,-9.88,-10.67,-10.43,-8.6,-9.700000000000001,-9.84,-7.48,-8.6,-9.03,-6.57,-7.94,-8.49,-5.13,-7.05,-7.95,-4.49,-6.19,-7.16,7.97,7.98,7.930000000000001,7.75,7.67,7.67,7.5200000000000005,7.41,7.4,7.3100000000000005,7.17,7.140000000000001,6.94,6.84,6.78,6.65,6.49,6.4,6.28,6.11,6.01,125.8,129.78,131.86,120.19,123.19,125.09,114.77,118.54,119.8,108.49000000000001,112.72,114.17,103.55,104.85000000000001,106.88,88.68,94.73,99.57000000000001,76.04,80.07000000000001,86.51,2.5500000000000003,2.49,2.37,2.44,2.5,2.44,2.06,2.27,2.29,1.77,1.96,2.0300000000000002,1.6,1.71,1.78,1.21,1.41,1.51,1.02,1.07,1.16
2018-12-24 15:00:00,2.52,2.5100000000000002,2.41,2.45,2.49,2.42,2.04,2.23,2.22,1.72,1.92,1.98,1.49,1.68,1.75,1.28,1.45,1.53,1.18,1.25,1.32,6.68,6.62,6.54,6.54,6.5200000000000005,6.47,6.33,6.36,6.34,6.25,6.2,6.18,6.11,6.04,6.0,5.97,5.87,5.83,5.65,5.79,5.8,130.22,138.37,143.0,121.9,129.05,133.48,116.43,121.68,124.85000000000001,112.01,115.73,117.7,107.87,109.14,110.99000000000001,103.51,103.06,104.05,99.95,99.92,99.98,4.0600000000000005,3.5,3.22,4.97,4.08,4.24,4.5,3.48,3.5500000000000003,2.89,1.98,2.05,-0.01,0.33,0.66,-2.72,-1.94,-1.5,-5.96,-4.24,-3.35,122.4,125.64,127.4,117.16,120.15,122.54,111.81,114.98,117.11,105.8,109.24000000000001,110.92,100.98,102.22,104.28,95.36,95.12,97.4,83.88,89.12,92.55,7.92,7.88,7.84,7.71,7.65,7.640000000000001,7.46,7.4,7.390000000000001,7.23,7.140000000000001,7.11,7.03,6.82,6.7700000000000005,,6.38,6.390000000000001,5.48,5.91,5.87,-9.93,-10.450000000000001,-10.08,-9.74,-10.290000000000001,-9.94,-8.02,-9.14,-8.99,-6.26,-7.86,-8.540000000000001,-5.05,-6.73,-7.930000000000001,-3.37,-5.53,-6.88,-2.63,-4.36,-5.84,7.930000000000001,7.890000000000001,7.84,7.71,7.65,7.640000000000001,7.46,7.4,7.390000000000001,7.24,7.140000000000001,7.11,6.87,6.8100000000000005,6.76,6.58,6.46,6.4,6.21,6.08,6.0200000000000005,123.03,126.32000000000001,128.01,117.44,120.67,122.94,112.18,115.39,117.37,107.88,109.47,110.91,104.85000000000001,102.25,103.37,,91.60000000000001,95.52,58.18,76.36,83.31,2.5100000000000002,2.49,2.4,2.45,2.48,2.41,2.04,2.22,2.21,1.79,1.9100000000000001,1.97,1.6600000000000001,1.68,1.73,,1.41,1.48,0.92,1.09,1.18
2018-12-24 18:00:00,2.5100000000000002,2.52,2.41,2.41,2.43,2.35,2.0,2.14,2.13,1.67,1.85,1.9000000000000001,1.44,1.61,1.69,1.25,1.41,1.49,1.17,1.24,1.31,6.65,6.61,6.53,6.54,6.5,6.43,6.3500000000000005,6.36,6.3,6.3,6.24,6.18,6.21,6.140000000000001,6.0600000000000005,6.1000000000000005,6.0600000000000005,5.98,5.82,6.09,6.12,128.57,135.62,139.43,119.86,126.61,130.23,113.63,118.66,121.72,109.09,112.23,114.53,104.8,106.15,108.11,100.03,99.9,102.06,95.72,95.63,97.83,4.04,3.84,3.49,4.59,4.2700000000000005,4.08,4.43,3.66,3.68,3.4,2.25,2.15,0.23,0.2,-0.04,-2.25,-1.59,-1.22,-5.45,-3.5300000000000002,-2.56,119.93,123.07000000000001,124.65,114.79,118.10000000000001,120.44,109.3,112.5,114.93,103.69,106.51,108.54,98.83,99.99000000000001,101.69,93.3,93.38,95.46000000000001,81.13,87.99,91.86,7.890000000000001,7.84,7.8100000000000005,7.71,7.65,7.61,7.45,7.4,7.3500000000000005,7.28,7.13,7.07,,6.92,6.75,,,6.4,4.8100000000000005,5.75,5.92,-10.290000000000001,-10.5,-10.02,-9.68,-9.91,-9.71,-8.01,-8.52,-8.78,-5.99,-7.28,-7.78,-4.2,-5.92,-7.12,-2.5,-4.59,-6.16,-2.0,-3.47,-4.78,7.9,7.8500000000000005,7.8100000000000005,7.71,7.65,7.61,7.45,7.4,7.3500000000000005,7.22,7.13,7.07,6.84,6.8100000000000005,6.76,6.55,6.46,6.4,6.17,6.09,6.03,120.54,123.7,125.22,115.07000000000001,118.60000000000001,120.78,109.65,112.89,115.17,106.57000000000001,106.59,108.63,,102.12,100.52,,,92.67,36.95,68.68,80.43,2.5,2.5100000000000002,2.4,2.41,2.42,2.34,2.0,2.13,2.12,1.78,1.84,1.8800000000000001,,1.69,1.6600000000000001,,,1.43,0.8200000000000001,1.0,1.16
2018-12-24 21:00:00,2.52,2.49,2.38,2.34,2.34,2.29,1.95,2.05,2.08,1.6400000000000001,1.78,1.84,1.3900000000000001,1.56,1.6400000000000001,1.22,1.3800000000000001,1.46,1.16,1.24,1.31,6.640000000000001,6.6000000000000005,6.5,6.51,6.47,6.37,6.3500000000000005,6.33,6.25,6.33,6.2700000000000005,6.17,6.3100000000000005,6.24,6.13,6.25,6.26,6.2,5.99,6.4,6.5200000000000005,126.52,132.7,135.86,117.67,123.63000000000001,126.64,110.95,115.79,118.2,106.19,109.35000000000001,111.61,102.08,103.66,105.57000000000001,97.05,97.71000000000001,99.96000000000001,92.04,92.36,94.98,3.85,3.36,3.47,4.47,3.8200000000000003,3.7,3.97,3.43,3.04,3.36,2.38,1.9000000000000001,0.49,0.52,0.26,-2.21,-1.61,-1.52,-5.5200000000000005,-3.71,-2.7,117.65,120.66,122.21000000000001,112.81,115.92,117.79,107.02,110.49000000000001,112.32000000000001,101.75,104.58,106.42,97.05,98.38,99.94,91.77,92.87,94.96000000000001,79.71000000000001,88.62,94.01,7.86,7.83,7.7700000000000005,7.69,7.62,7.53,7.44,7.38,7.3,7.28,7.140000000000001,7.03,,6.91,6.74,,,6.43,5.8,5.84,6.01,-10.290000000000001,-10.11,-9.8,-9.22,-9.41,-9.76,-7.68,-8.2,-9.11,-5.93,-6.9,-8.05,-3.84,-5.76,-6.92,-2.32,-4.59,-5.73,-1.96,-3.44,-4.5200000000000005,7.86,7.83,7.7700000000000005,7.69,7.62,7.53,7.44,7.38,7.3,7.22,7.12,7.04,6.84,6.82,6.75,6.55,6.48,6.41,6.17,6.12,6.05,118.2,121.22,122.77,113.10000000000001,116.43,118.17,107.29,110.9,112.56,104.39,105.01,106.13,,99.72,98.10000000000001,,,91.89,58.21,66.89,82.81,2.5100000000000002,2.48,2.37,2.33,2.33,2.2800000000000002,1.94,2.04,2.07,1.74,1.79,1.81,,1.62,1.6,,,1.42,1.05,0.99,1.18
2018-12-25 00:00:00,2.45,2.39,2.32,2.21,2.22,2.23,1.86,1.96,2.02,1.59,1.71,1.8,1.35,1.51,1.6,1.2,1.35,1.45,1.1400000000000001,1.22,1.31,6.62,6.58,6.49,6.5,6.45,6.38,6.38,6.33,6.28,6.37,6.3,6.22,6.4,6.3500000000000005,6.2700000000000005,6.37,6.47,6.46,6.11,6.63,6.86,124.07000000000001,129.43,131.77,115.2,120.34,122.58,108.65,112.84,114.37,103.72,106.95,108.4,99.67,101.38,103.06,94.74,95.82000000000001,97.63,89.01,90.02,92.15,4.2,4.01,3.8200000000000003,4.41,3.42,3.46,3.89,2.9,2.72,3.11,2.13,1.53,0.39,0.36,-0.09,-2.48,-1.73,-1.54,-5.25,-3.52,-2.8000000000000003,115.73,118.64,120.29,110.97,113.62,115.31,105.09,108.38,109.67,100.02,103.0,104.24000000000001,95.53,97.38,98.93,90.43,92.84,95.3,78.49,89.17,96.25,7.84,7.8,7.72,7.67,7.57,7.48,7.43,7.34,7.2700000000000005,7.33,7.140000000000001,7.0200000000000005,,6.94,6.79,,,6.5,5.93,,,-9.47,-8.9,-8.98,-8.08,-8.32,-8.8,-6.46,-7.45,-8.07,-5.39,-6.3,-7.3100000000000005,-3.68,-5.1000000000000005,-6.34,-2.67,-3.95,-5.2700000000000005,-1.79,-2.75,-4.01,7.8500000000000005,7.8,7.72,7.67,7.5600000000000005,7.48,7.43,7.34,7.2700000000000005,7.22,7.1000000000000005,7.0200000000000005,6.86,6.82,6.76,6.57,6.5,6.43,6.22,6.16,6.09,116.34,119.29,120.88,111.3,114.16,115.65,105.37,108.7,109.79,102.74000000000001,104.0,103.58,,100.13,97.35000000000001,,,91.21000000000001,58.06,,,2.44,2.38,2.31,2.21,2.21,2.22,1.85,1.95,2.0100000000000002,1.7,1.74,1.77,,1.61,1.58,,,1.43,1.04,,
